player_id,Player,Team,Streak,AVG
571448,Nolan Arenado,Arizona Diamondbacks,12,.000
670541,Yordan Alvarez,Houston Astros,11,.000
677951,Bobby Witt Jr.,Kansas City Royals,8,.000
672515,Gabriel Moreno,Arizona Diamondbacks,7,.000
702176,Alan Roden,Minnesota Twins,6,.000
695506,Jac Caglianone,Kansas City Royals,6,.000
691594,Javier Sanoja,Miami Marlins,6,.000
521692,Salvador Perez,Kansas City Royals,6,.000
815589,Bo Davidson,San Francisco Giants,5,.000
672640,Otto Lopez,Miami Marlins,5,.000
671218,Heliot Ramos,New York Yankees,5,.000
803011,Sam Antonacci,Chicago White Sox,5,.000
682663,Agustín Ramírez,Miami Marlins,5,.000
676356,Jonny DeLuca,Tampa Bay Rays,5,.000
805367,Chase Meidroth,Chicago White Sox,5,.000
668930,Brice Turang,Milwaukee Brewers,5,.000
572233,Christian Walker,Houston Astros,5,.000
