player_id,name,team_id,l7_ab,l7_h,l7_hr,l7_rbi,l7_k,l7_bb,l7_avg,l7_ops,l14_ab,l14_h,l14_hr,l14_avg,l14_ops,sea_ab,sea_h,sea_hr,sea_avg,sea_ops,l5_hr,l10_hr,l5_h,l10_h,l10_tb,l5_tb,sea_k_pct,l14_k_pct,l15_k_pct,sea_k,sea_pa
640902,Jhonny Pereda,136,16,6,0,4,6,4,0.375,0.938,35,10,0,0.286,0.673,87,25,2,0.287,0.715,0,0,5,8,9,6,0.2,0.282,0.279,19,95
663728,Cal Raleigh,136,24,2,1,2,9,6,0.083,0.517,52,7,2,0.135,0.562,446,79,23,0.177,0.657,0,2,0,5,13,0,0.315,0.323,0.318,163,518
647304,Josh Naylor,136,27,1,0,2,2,3,0.037,0.17,58,13,0,0.224,0.533,593,155,10,0.261,0.662,0,0,1,6,7,1,0.124,0.048,0.077,79,638
703197,Michael Arroyo,136,19,7,0,1,1,1,0.368,0.768,34,12,1,0.353,0.936,34,12,1,0.353,0.936,0,0,5,9,10,5,0.154,0.154,0.154,6,39
668227,Randy Arozarena,136,25,7,1,2,9,5,0.28,0.96,55,20,4,0.364,1.126,569,160,26,0.281,0.841,0,1,6,12,20,10,0.226,0.21,0.215,144,637
641487,J.P. Crawford,136,29,5,2,3,7,2,0.172,0.605,60,13,4,0.217,0.671,409,90,14,0.22,0.678,1,3,4,8,17,7,0.201,0.159,0.149,95,473
642215,Weston Wilson,136,9,0,0,0,5,1,0.0,0.1,28,7,0,0.25,0.586,160,33,4,0.206,0.599,0,0,0,2,2,0,0.32,0.267,0.258,57,178
703155,Lazaro Montes,136,20,3,0,1,9,4,0.15,0.492,33,6,2,0.182,0.702,52,11,4,0.212,0.786,0,1,3,5,9,4,0.407,0.385,0.375,24,59
677594,Julio Rodríguez,136,27,10,1,5,4,1,0.37,0.949,55,19,2,0.345,0.945,591,147,22,0.249,0.708,1,1,8,13,20,12,0.226,0.183,0.188,144,638
686527,Dominic Canzone,136,27,10,1,7,4,4,0.37,1.008,55,19,2,0.345,1.019,473,125,23,0.264,0.817,1,1,7,13,21,11,0.212,0.145,0.167,110,520
804606,Konnor Griffin,134,28,7,0,0,5,1,0.25,0.669,60,18,0,0.3,0.756,308,83,5,0.269,0.707,0,0,6,14,20,9,0.25,0.161,0.167,82,328
804668,Rafael Flores Jr.,134,24,6,3,6,8,4,0.25,1.065,50,18,4,0.36,1.047,144,39,11,0.271,0.882,2,3,5,12,23,13,0.277,0.241,0.224,44,159
621493,Taylor Ward,136,10,2,0,2,3,2,0.2,0.533,26,4,0,0.154,0.421,498,112,7,0.225,0.664,0,0,2,3,3,2,0.218,0.233,0.242,130,597
693304,Nick Gonzales,134,25,5,0,1,7,2,0.2,0.499,46,11,0,0.239,0.604,547,165,6,0.302,0.741,0,0,4,8,10,5,0.168,0.18,0.167,99,590
682927,Ronny Simon,134,21,3,1,2,6,1,0.143,0.515,41,10,1,0.244,0.645,61,16,1,0.262,0.669,0,1,1,7,12,1,0.169,0.233,0.239,11,65
664040,Brandon Lowe,134,27,7,3,5,7,3,0.259,0.926,52,14,6,0.269,0.98,584,152,35,0.26,0.824,2,5,4,11,27,10,0.293,0.276,0.286,189,646
660844,Leo Rivas,136,14,4,0,4,3,0,0.286,0.643,27,5,0,0.185,0.463,122,18,0,0.148,0.435,0,0,3,5,6,4,0.297,0.207,0.219,41,138
695257,Billy Cook,134,1,0,0,0,1,0,0.0,0.0,2,0,0,0.0,0.0,52,9,0,0.173,0.42,0,0,0,0,0,0,0.396,0.5,0.5,21,53
702284,Cole Young,136,24,5,0,1,5,4,0.208,0.571,49,11,1,0.224,0.63,575,141,17,0.245,0.678,0,0,4,6,7,4,0.177,0.17,0.179,109,617
669707,Jared Triolo,134,7,1,0,0,2,0,0.143,0.286,21,2,0,0.095,0.19,323,77,3,0.238,0.602,0,0,1,2,2,1,0.202,0.238,0.208,71,351
645302,Victor Robles,136,6,1,0,0,0,1,0.167,0.453,17,6,0,0.353,1.064,133,34,0,0.256,0.611,0,0,0,1,1,0,0.155,0.048,0.077,22,142
665833,Oneil Cruz,134,23,9,1,1,5,2,0.391,1.049,49,17,3,0.347,0.989,368,103,20,0.28,0.847,1,2,4,12,20,8,0.335,0.255,0.254,139,415
694378,Jacob Gonzalez,134,9,2,1,1,1,1,0.222,0.856,27,8,1,0.296,0.826,206,46,7,0.223,0.632,1,1,2,4,7,5,0.194,0.172,0.182,42,217
699024,Leo Bernal,138,28,5,1,3,12,1,0.179,0.493,57,16,2,0.281,0.714,93,26,4,0.28,0.757,0,1,3,9,12,3,0.255,0.31,0.29,25,98
668804,Bryan Reynolds,134,20,4,0,1,5,4,0.2,0.683,49,11,1,0.224,0.717,594,155,17,0.261,0.78,0,0,3,7,13,6,0.236,0.236,0.237,161,682
693409,César Prieto,138,12,1,0,0,1,1,0.083,0.237,33,2,0,0.061,0.149,34,2,0,0.059,0.145,0,0,1,2,2,1,0.114,0.118,0.114,4,35
680779,Henry Davis,134,17,4,1,3,5,4,0.235,0.852,32,6,2,0.188,0.703,256,44,10,0.172,0.566,1,2,4,5,12,8,0.222,0.216,0.211,63,284
656811,Ryan O'Hearn,134,25,7,0,3,7,2,0.28,0.693,49,12,1,0.245,0.662,404,108,18,0.267,0.769,0,0,6,10,12,8,0.221,0.204,0.207,97,439
701675,Nathan Church,138,22,4,0,0,4,0,0.182,0.455,45,13,0,0.289,0.733,430,107,10,0.249,0.657,0,0,2,7,10,3,0.176,0.125,0.118,80,455
663968,Jake Mangum,134,23,3,1,2,8,1,0.13,0.428,50,8,1,0.16,0.452,432,118,5,0.273,0.674,0,1,1,5,9,1,0.204,0.192,0.182,93,457
687462,Spencer Horwitz,134,19,5,0,5,6,3,0.263,0.732,40,10,0,0.25,0.633,382,94,10,0.246,0.704,0,0,3,7,9,5,0.166,0.178,0.204,72,435
676475,Alec Burleson,138,25,5,3,5,8,0,0.2,0.76,50,12,4,0.24,0.809,605,169,26,0.279,0.812,3,4,4,7,20,13,0.183,0.308,0.286,121,660
802139,JJ Wetherholt,138,25,7,0,3,6,1,0.28,0.628,51,12,0,0.235,0.519,537,130,17,0.242,0.688,0,0,5,8,9,6,0.173,0.245,0.228,104,601
695336,Thomas Saggese,138,23,1,0,1,12,2,0.043,0.163,49,7,0,0.143,0.335,158,37,4,0.234,0.646,0,0,1,5,5,1,0.287,0.308,0.304,49,171
663494,Bryan Torres,138,17,0,0,0,6,3,0.0,0.15,38,5,0,0.132,0.399,166,38,4,0.229,0.635,0,0,0,2,2,0,0.212,0.244,0.25,39,184
669357,Nolan Gorman,138,13,2,0,1,4,5,0.154,0.543,38,8,1,0.211,0.649,262,49,9,0.187,0.591,0,0,2,5,5,2,0.322,0.244,0.292,95,295
687363,Victor Scott II,138,8,1,0,0,2,0,0.125,0.25,9,1,0,0.111,0.222,166,32,2,0.193,0.517,0,0,1,1,1,1,0.253,0.222,0.2,46,182
671056,Iván Herrera,138,28,7,3,3,12,1,0.25,0.883,48,8,3,0.167,0.62,602,146,19,0.243,0.71,1,3,2,8,18,5,0.202,0.34,0.333,137,677
691023,Jordan Walker,138,27,3,1,1,11,2,0.111,0.394,47,7,1,0.149,0.465,605,164,29,0.271,0.796,1,1,3,4,7,6,0.264,0.365,0.358,173,655
656775,Cedric Mullins,139,18,5,1,3,3,1,0.278,0.76,38,7,1,0.184,0.488,435,89,15,0.205,0.621,1,1,4,5,8,7,0.199,0.175,0.159,95,478
691026,Masyn Winn,138,18,2,0,2,8,3,0.111,0.405,38,6,0,0.158,0.449,470,109,5,0.232,0.62,0,0,1,3,4,2,0.224,0.262,0.262,116,518
676356,Jonny DeLuca,139,26,8,0,4,10,3,0.308,0.802,44,12,0,0.273,0.683,346,91,9,0.263,0.708,0,0,7,8,11,9,0.215,0.319,0.319,78,363
665877,José Fermín,138,17,7,0,2,3,1,0.412,0.915,34,12,0,0.353,0.846,323,81,6,0.251,0.673,0,0,4,9,11,5,0.139,0.189,0.179,49,353
691406,Junior Caminero,139,26,7,1,4,4,1,0.269,0.719,52,13,2,0.25,0.758,614,170,42,0.277,0.885,1,1,6,9,14,10,0.185,0.175,0.18,128,693
661531,Brian Serven,133,15,0,0,0,4,1,0.0,0.062,39,6,2,0.154,0.528,78,14,5,0.179,0.595,0,0,0,2,3,0,0.259,0.293,0.311,21,81
680700,Richie Palacios,139,18,6,0,7,4,4,0.333,0.899,37,12,2,0.324,0.973,341,81,10,0.238,0.706,0,1,5,8,13,6,0.176,0.159,0.159,68,387
670764,Taylor Walls,139,20,6,0,3,6,3,0.3,0.791,42,11,0,0.262,0.697,369,82,2,0.222,0.605,0,0,5,7,10,7,0.254,0.255,0.255,105,414
686780,Pedro Pagés,138,11,3,0,1,4,1,0.273,0.606,24,6,0,0.25,0.607,188,40,4,0.213,0.569,0,0,2,4,4,2,0.28,0.286,0.3,56,200
689414,Liam Hicks,139,24,6,0,3,4,4,0.25,0.607,41,9,1,0.22,0.636,475,134,18,0.282,0.787,0,0,4,7,8,4,0.104,0.149,0.146,55,531
668723,Ryan Vilade,139,23,3,0,3,7,3,0.13,0.361,36,5,0,0.139,0.418,243,60,11,0.247,0.752,0,0,2,4,4,2,0.242,0.349,0.341,65,269
622268,Donovan Walton,133,19,6,2,7,6,2,0.316,1.013,42,10,3,0.238,0.749,228,60,9,0.263,0.796,1,2,2,6,12,5,0.176,0.227,0.213,45,256
810938,Ben Williamson,139,21,3,1,1,5,2,0.143,0.503,41,7,1,0.171,0.477,259,62,3,0.239,0.619,0,1,1,4,7,1,0.192,0.186,0.196,54,281
622761,Jorge Mateo,139,14,1,0,0,8,0,0.071,0.142,36,5,0,0.139,0.278,204,41,5,0.201,0.551,0,0,1,3,3,1,0.321,0.5,0.475,69,215
683748,Victor Mesa Jr.,139,22,7,1,3,5,2,0.318,0.92,42,14,3,0.333,1.084,231,60,14,0.26,0.829,0,1,6,8,13,8,0.201,0.188,0.173,51,254
666018,Jonathan Aranda,139,24,4,1,2,10,3,0.167,0.592,48,10,3,0.208,0.754,578,158,22,0.273,0.784,0,3,2,8,19,2,0.25,0.352,0.339,162,647
672016,Denzel Clarke,133,7,0,0,0,1,1,0.0,0.125,15,1,0,0.067,0.289,74,11,0,0.149,0.394,0,0,0,1,1,0,0.341,0.222,0.222,28,82
675961,Alika Williams,133,19,7,0,0,3,1,0.368,0.874,39,10,0,0.256,0.678,215,58,4,0.27,0.73,0,0,7,10,15,9,0.222,0.122,0.159,50,225
703607,Henry Bolte,133,31,11,0,4,8,2,0.355,0.91,54,16,1,0.296,0.811,411,115,11,0.28,0.751,0,1,9,13,21,14,0.293,0.317,0.328,132,450
802415,Chandler Simpson,139,27,6,0,2,2,0,0.222,0.444,54,15,0,0.278,0.606,571,175,0,0.306,0.693,0,0,4,13,15,4,0.08,0.036,0.034,48,597
663743,Nick Fortes,139,14,3,1,1,5,1,0.214,0.767,28,7,2,0.25,0.859,294,77,6,0.262,0.672,1,2,2,5,13,5,0.141,0.226,0.229,43,306
683021,Michael Stefanic,133,7,2,0,2,3,0,0.286,0.572,19,6,0,0.316,0.697,26,9,0,0.346,0.778,0,0,2,3,3,2,0.214,0.238,0.238,6,28
811965,Joshua Kuroda-Grauer,133,18,4,1,3,4,2,0.222,0.744,45,16,1,0.356,0.916,67,25,1,0.373,0.913,1,1,2,9,16,5,0.145,0.17,0.196,10,69
666126,Carlos Cortes,133,16,4,1,3,4,1,0.25,0.919,39,7,2,0.179,0.648,341,86,10,0.252,0.714,1,1,3,4,10,8,0.169,0.167,0.159,63,372
643446,Jeff McNeil,133,22,5,1,5,4,3,0.227,0.729,48,12,1,0.25,0.683,474,126,9,0.266,0.682,1,1,4,8,13,8,0.117,0.135,0.125,59,505
815589,Bo Davidson,137,16,6,0,1,5,1,0.375,0.787,16,6,0,0.375,0.787,16,6,0,0.375,0.787,0,0,6,6,6,6,0.294,0.294,0.294,5,17
671732,Lawrence Butler,133,28,9,0,3,5,3,0.321,0.851,54,17,4,0.315,1.013,468,110,17,0.235,0.716,0,1,8,12,19,12,0.261,0.217,0.203,138,529
641680,Jonah Heim,133,21,4,0,1,2,2,0.19,0.547,46,6,0,0.13,0.358,358,73,13,0.204,0.626,0,0,3,5,7,4,0.182,0.163,0.17,70,385
695391,Brett Harris,137,22,3,0,2,9,2,0.136,0.39,37,6,0,0.162,0.421,43,6,0,0.14,0.382,0,0,2,6,8,2,0.348,0.359,0.341,16,46
669127,Shea Langeliers,133,30,7,0,3,10,2,0.233,0.581,53,14,0,0.264,0.612,422,110,23,0.261,0.793,0,0,5,9,11,7,0.238,0.273,0.267,109,458
680869,Zack Gelof,133,26,11,3,6,3,2,0.423,1.272,52,16,5,0.308,0.972,390,101,22,0.259,0.793,3,4,7,13,26,17,0.247,0.161,0.183,104,421
813841,Jonah Cox,137,25,2,0,2,13,3,0.08,0.339,53,12,0,0.226,0.557,147,38,4,0.259,0.701,0,0,2,7,9,4,0.401,0.414,0.403,63,157
650490,Yandy Díaz,139,27,7,0,4,3,4,0.259,0.651,57,10,0,0.175,0.423,614,180,22,0.293,0.798,0,0,7,7,8,8,0.146,0.164,0.154,98,670
694376,Shay Whitcomb,137,18,5,0,2,6,1,0.278,0.594,40,11,1,0.275,0.643,114,23,4,0.202,0.562,0,0,5,7,7,5,0.297,0.293,0.267,35,118
668800,Andrew Knizner,137,19,4,0,0,3,0,0.211,0.474,39,10,1,0.256,0.66,73,16,2,0.219,0.616,0,0,3,8,9,4,0.182,0.15,0.182,14,77
683766,Christian Koss,137,21,2,0,0,10,0,0.095,0.238,45,9,0,0.2,0.456,199,44,4,0.221,0.567,0,0,2,6,7,3,0.269,0.34,0.32,56,208
695720,Tommy White,133,15,5,0,1,5,0,0.333,0.666,34,10,1,0.294,0.696,187,48,3,0.257,0.608,0,1,5,8,11,5,0.177,0.2,0.205,34,192
682674,Victor Bericoto,137,24,5,1,3,7,2,0.208,0.686,44,8,1,0.182,0.512,110,26,5,0.236,0.675,0,1,3,6,11,4,0.274,0.261,0.26,31,113
678545,Osleivis Basabe,137,10,2,0,0,4,2,0.2,0.533,31,5,1,0.161,0.568,129,26,5,0.202,0.595,0,0,2,3,4,2,0.21,0.306,0.282,29,138
701852,Drew Cavanaugh,137,12,2,0,2,6,2,0.167,0.703,28,6,1,0.214,0.719,140,33,1,0.236,0.623,0,1,2,3,9,5,0.297,0.355,0.375,47,158
691785,Marcelo Mayer,137,17,1,0,0,8,2,0.059,0.276,39,6,0,0.154,0.481,216,45,3,0.208,0.565,0,0,0,3,5,0,0.214,0.341,0.354,50,234
687551,Drew Gilbert,137,10,5,1,3,2,1,0.5,1.345,24,8,3,0.333,1.137,338,81,11,0.24,0.712,1,2,5,6,12,8,0.186,0.179,0.167,70,376
806367,Turner Hill,137,23,3,0,1,3,1,0.13,0.341,47,7,1,0.149,0.471,103,23,1,0.223,0.63,0,1,2,6,10,3,0.172,0.216,0.196,20,116
687957,Dustin Harris,135,26,5,0,1,4,1,0.192,0.53,54,16,0,0.296,0.74,128,37,0,0.289,0.728,0,0,3,12,17,5,0.144,0.14,0.131,20,139
806956,Ethan Salas,135,18,7,0,2,2,1,0.389,0.81,34,10,2,0.294,0.843,39,10,2,0.256,0.737,0,2,6,10,18,6,0.225,0.171,0.194,9,40
814154,Scott Bandura,137,14,2,0,0,10,0,0.143,0.286,26,5,0,0.192,0.453,26,5,0,0.192,0.453,0,0,2,4,5,2,0.593,0.593,0.593,16,27
665487,Fernando Tatis Jr.,135,27,10,2,4,5,2,0.37,1.081,56,19,5,0.339,1.074,626,181,25,0.289,0.825,0,2,8,12,21,10,0.188,0.19,0.206,130,690
701538,Jackson Merrill,135,26,6,0,1,9,2,0.231,0.555,56,18,2,0.321,0.856,613,156,26,0.254,0.741,0,1,4,11,17,5,0.245,0.288,0.266,160,654
666023,Freddy Fermin,135,14,4,0,4,4,1,0.286,0.762,29,5,0,0.172,0.514,228,45,4,0.197,0.572,0,0,2,4,6,2,0.221,0.303,0.286,55,249
669392,Samad Taylor,135,20,6,1,4,5,3,0.3,0.891,44,15,1,0.341,0.885,149,47,2,0.315,0.798,0,1,3,10,15,4,0.263,0.163,0.16,44,167
687529,Grant McCray,137,8,1,0,1,2,1,0.125,0.347,25,5,1,0.2,0.646,76,11,2,0.145,0.529,0,0,0,3,4,0,0.31,0.321,0.321,27,87
669134,Luis Campusano,135,28,5,1,2,5,2,0.179,0.519,54,12,2,0.222,0.64,213,57,8,0.268,0.792,1,1,5,8,12,8,0.215,0.169,0.159,52,242
823550,Sung-Mun Song,135,6,2,0,1,3,0,0.333,0.666,12,2,0,0.167,0.334,128,25,1,0.195,0.545,0,0,2,2,2,2,0.205,0.417,0.333,30,146
669720,Austin Hays,135,13,6,1,2,2,0,0.462,1.231,25,10,1,0.4,1.0,96,26,3,0.271,0.689,0,1,2,8,12,2,0.263,0.24,0.207,26,99
650559,Bryan De La Cruz,143,17,2,0,0,4,3,0.118,0.426,35,7,0,0.2,0.557,75,21,2,0.28,0.754,0,0,1,4,5,2,0.22,0.2,0.22,18,82
687749,Jase Bowen,135,2,0,0,0,2,0,0.0,0.0,9,0,0,0.0,0.0,93,14,2,0.151,0.435,0,0,0,0,0,0,0.406,0.667,0.667,39,96
664034,Ty France,135,27,5,0,2,9,2,0.185,0.463,57,19,1,0.333,0.83,436,128,21,0.294,0.849,0,1,2,11,17,2,0.229,0.237,0.222,108,472
657757,Gavin Sheets,135,17,3,0,2,2,2,0.176,0.498,34,6,1,0.176,0.557,361,76,16,0.211,0.693,0,1,2,5,9,3,0.207,0.211,0.195,85,410
630105,Jake Cronenworth,135,25,7,2,10,8,1,0.28,0.908,53,18,2,0.34,0.892,375,85,7,0.227,0.617,0,2,3,13,23,4,0.234,0.236,0.217,96,411
592518,Manny Machado,135,29,5,2,6,8,1,0.172,0.579,56,9,4,0.161,0.605,587,127,30,0.216,0.713,2,2,3,6,12,9,0.216,0.197,0.197,143,663
596117,Garrett Stubbs,143,12,2,0,0,4,1,0.167,0.398,25,4,0,0.16,0.382,59,9,0,0.153,0.347,0,0,1,4,4,1,0.242,0.296,0.3,15,62
547180,Bryce Harper,143,27,6,0,2,4,3,0.222,0.559,56,15,1,0.268,0.721,572,154,28,0.269,0.867,0,0,4,10,11,4,0.216,0.23,0.219,147,679
669016,Brandon Marsh,143,17,4,1,3,8,2,0.235,0.787,34,5,1,0.147,0.459,522,136,18,0.261,0.716,1,1,3,5,9,7,0.255,0.333,0.316,142,556
681082,Bryson Stott,143,24,7,0,1,3,5,0.292,0.872,47,13,0,0.277,0.808,533,134,10,0.251,0.722,0,0,6,10,16,10,0.168,0.109,0.121,100,594
592663,J.T. Realmuto,143,21,0,0,1,7,4,0.0,0.16,47,6,1,0.128,0.425,410,84,11,0.205,0.6,0,0,0,0,0,0,0.221,0.25,0.232,99,447
593428,Xander Bogaerts,135,20,7,1,1,4,5,0.35,1.03,48,17,2,0.354,1.05,520,120,13,0.231,0.674,1,2,4,11,21,7,0.183,0.214,0.197,109,597
665561,Rafael Marchán,143,13,0,0,0,1,1,0.0,0.071,30,4,1,0.133,0.394,91,9,2,0.099,0.283,0,0,0,2,2,0,0.161,0.065,0.088,15,93
702222,Justin Crawford,143,21,4,0,3,7,0,0.19,0.476,41,11,1,0.268,0.717,421,111,3,0.264,0.662,0,0,3,7,10,3,0.183,0.209,0.2,82,448
656537,Derek Hill,143,10,1,1,1,2,0,0.1,0.5,20,5,2,0.25,0.986,199,48,11,0.241,0.73,1,1,1,2,6,4,0.325,0.19,0.174,69,212
624641,Edmundo Sosa,143,14,4,1,1,4,0,0.286,0.857,31,9,2,0.29,0.838,227,55,8,0.242,0.675,1,1,3,6,11,7,0.226,0.29,0.281,53,234
608369,Corey Seager,140,30,4,1,2,10,0,0.133,0.366,59,13,2,0.22,0.602,380,86,19,0.226,0.726,1,1,3,7,11,6,0.242,0.246,0.262,103,425
656941,Kyle Schwarber,143,23,3,0,0,5,8,0.13,0.572,49,6,1,0.122,0.53,577,133,45,0.231,0.849,0,0,2,3,5,3,0.322,0.226,0.242,219,681
664761,Alec Bohm,143,27,7,0,4,4,2,0.259,0.606,53,15,0,0.283,0.688,565,141,15,0.25,0.69,0,0,3,10,11,4,0.144,0.083,0.079,88,611
696030,Alejandro Osuna,140,10,4,0,1,3,0,0.4,0.9,19,6,0,0.316,0.749,202,53,1,0.262,0.633,0,0,4,4,5,5,0.158,0.238,0.208,35,221
677649,Ezequiel Duran,140,24,3,0,0,9,3,0.125,0.347,50,9,0,0.18,0.441,535,140,17,0.262,0.742,0,0,3,5,6,3,0.241,0.241,0.259,140,581
643376,Danny Jansen,140,21,4,1,3,4,3,0.19,0.673,41,13,2,0.317,0.89,194,39,7,0.201,0.635,1,1,3,8,12,6,0.259,0.133,0.13,55,212
607043,Brandon Nimmo,140,26,6,0,1,10,3,0.231,0.618,53,12,0,0.226,0.614,589,153,14,0.26,0.725,0,0,5,8,11,7,0.233,0.379,0.355,149,640
683227,Cody Freeman,140,6,1,0,0,2,1,0.167,0.453,28,5,0,0.179,0.412,84,21,1,0.25,0.636,0,0,0,1,1,0,0.163,0.167,0.147,15,92
650333,Luis Arraez,143,26,5,0,3,2,1,0.192,0.414,52,13,0,0.25,0.655,596,185,6,0.31,0.767,0,0,5,8,11,5,0.044,0.034,0.033,28,630
553869,Elias Díaz,140,21,5,0,4,7,1,0.238,0.559,38,9,1,0.237,0.598,217,50,7,0.23,0.648,0,0,2,6,7,3,0.257,0.333,0.349,58,226
694497,Evan Carter,140,21,5,0,4,6,1,0.238,0.559,33,6,0,0.182,0.462,390,76,9,0.195,0.596,0,0,5,5,6,6,0.261,0.306,0.316,114,437
680737,Michael Helman,140,10,1,1,2,2,0,0.1,0.5,28,4,1,0.143,0.458,30,5,1,0.167,0.494,1,1,1,3,6,4,0.194,0.172,0.172,6,31
607208,Trea Turner,143,28,8,0,1,6,4,0.286,0.732,55,13,0,0.236,0.606,640,154,19,0.241,0.672,0,0,5,9,11,6,0.212,0.175,0.179,146,688
679822,Justin Foscue,140,15,5,0,1,4,0,0.333,0.733,28,9,0,0.321,0.724,224,61,11,0.272,0.811,0,0,3,6,7,3,0.257,0.333,0.294,62,241
695731,Braden Montgomery,145,24,11,0,1,2,0,0.458,1.041,42,11,0,0.262,0.628,319,72,6,0.226,0.659,0,0,8,11,14,9,0.199,0.205,0.191,71,357
691019,Kyle Teel,145,24,7,1,6,9,4,0.292,0.81,41,10,1,0.244,0.756,119,25,5,0.21,0.68,1,1,6,7,10,9,0.37,0.34,0.352,51,138
681351,Logan O'Hoppe,140,12,5,0,1,3,0,0.417,0.917,32,8,0,0.25,0.531,251,55,4,0.219,0.572,0,0,4,6,7,4,0.25,0.25,0.235,67,268
643217,Andrew Benintendi,145,17,2,1,7,10,3,0.118,0.544,34,7,1,0.206,0.594,421,101,15,0.24,0.717,1,1,2,6,9,5,0.243,0.351,0.317,112,460
694671,Wyatt Langford,140,23,5,0,3,10,5,0.217,0.618,46,10,1,0.217,0.694,407,97,17,0.238,0.752,0,0,3,7,8,3,0.232,0.333,0.344,107,462
691011,Drew Romo,145,18,3,0,0,4,5,0.167,0.515,38,7,2,0.184,0.653,177,25,7,0.141,0.516,0,1,1,5,8,1,0.239,0.133,0.146,47,197
669394,Jake Burger,140,26,4,2,4,8,2,0.154,0.599,49,8,2,0.163,0.608,552,127,28,0.23,0.725,1,2,3,7,15,6,0.271,0.263,0.262,165,608
808959,Munetaka Murakami,145,26,7,3,9,10,4,0.269,1.021,49,10,4,0.204,0.849,450,93,35,0.207,0.819,3,4,6,9,24,16,0.36,0.424,0.417,195,542
686668,Brenton Doyle,145,20,6,2,2,5,0,0.3,0.95,35,12,2,0.343,0.943,206,48,5,0.233,0.625,2,2,4,11,20,10,0.33,0.343,0.361,72,218
670032,Nicky Lopez,140,11,2,0,0,2,1,0.182,0.523,25,6,0,0.24,0.576,235,63,1,0.268,0.615,0,0,2,4,5,3,0.178,0.185,0.214,44,247
691181,Emmanuel Rodriguez,142,22,3,1,1,8,2,0.136,0.526,45,8,2,0.178,0.629,45,8,2,0.178,0.629,1,1,3,5,10,7,0.333,0.333,0.333,16,48
803011,Sam Antonacci,145,26,9,0,3,1,1,0.346,0.755,46,16,0,0.348,0.775,477,131,8,0.275,0.727,0,0,9,12,13,10,0.158,0.064,0.077,82,520
682668,Luisangel Acuña,145,11,1,1,1,3,1,0.091,0.531,17,3,1,0.176,0.634,207,47,2,0.227,0.534,1,1,1,1,4,4,0.199,0.167,0.167,43,216
805346,Ben Ross,142,17,4,0,1,8,0,0.235,0.706,21,4,0,0.19,0.571,21,4,0,0.19,0.571,0,0,2,4,8,4,0.524,0.524,0.524,11,21
545341,Randal Grichuk,145,21,6,1,5,2,1,0.286,0.842,44,14,2,0.318,0.916,262,75,14,0.286,0.872,1,1,5,9,16,10,0.223,0.152,0.16,61,273
502054,Tommy Pham,145,13,3,1,3,4,4,0.231,0.874,20,3,1,0.15,0.62,26,3,1,0.115,0.489,0,1,2,3,6,2,0.355,0.32,0.357,11,31
701785,Kaelen Culpepper,142,21,4,0,1,5,0,0.19,0.38,48,11,0,0.229,0.552,112,31,3,0.277,0.716,0,0,2,7,8,2,0.212,0.18,0.185,25,118
695657,Colson Montgomery,145,24,1,0,0,12,2,0.042,0.157,43,3,0,0.07,0.277,564,112,31,0.199,0.675,0,0,0,3,4,0,0.364,0.469,0.462,225,618
693306,Aaron Sabato,142,6,0,0,0,3,0,0.0,0.0,6,0,0,0.0,0.0,6,0,0,0.0,0.0,0,0,0,0,0,0,0.5,0.5,0.5,3,6
807712,Luke Keaschall,142,27,10,1,7,3,1,0.37,1.208,55,20,1,0.364,0.989,526,149,10,0.283,0.762,1,1,8,17,29,19,0.149,0.102,0.097,87,583
805367,Chase Meidroth,145,23,9,2,7,6,2,0.391,1.179,50,18,4,0.36,1.098,566,156,16,0.276,0.761,2,2,9,15,25,17,0.225,0.2,0.207,141,627
702176,Alan Roden,142,21,9,1,4,3,4,0.429,1.187,38,14,1,0.368,1.034,79,23,1,0.291,0.777,1,1,7,13,20,11,0.132,0.114,0.106,12,91
668885,Austin Martin,142,17,1,0,1,7,1,0.059,0.17,36,7,1,0.194,0.598,299,69,3,0.231,0.647,0,0,1,2,3,1,0.195,0.289,0.275,67,343
805805,Walker Jenkins,142,27,7,1,2,2,1,0.259,0.656,48,13,3,0.271,0.758,80,17,4,0.212,0.664,1,3,4,13,22,7,0.218,0.2,0.208,19,87
665019,Kody Clemens,142,22,5,1,4,3,0,0.227,0.591,49,10,1,0.204,0.577,527,126,27,0.239,0.753,1,1,5,7,10,8,0.224,0.192,0.179,127,566
686797,Brooks Lee,142,30,9,1,2,5,1,0.3,0.79,54,17,1,0.315,0.758,582,147,24,0.253,0.727,1,1,5,14,19,9,0.165,0.175,0.197,102,619
668952,Ryan Kreidler,142,13,3,1,2,4,3,0.231,0.837,27,6,2,0.222,0.825,243,53,8,0.218,0.659,0,2,2,5,11,2,0.231,0.281,0.303,61,264
680777,Ryan Jeffers,142,24,3,0,1,9,2,0.125,0.317,49,7,1,0.143,0.432,314,79,14,0.252,0.8,0,0,3,4,4,3,0.184,0.283,0.281,66,359
678246,Miguel Vargas,145,22,6,1,6,5,10,0.273,0.909,50,14,3,0.28,0.909,588,147,33,0.25,0.834,0,2,4,9,16,4,0.183,0.19,0.176,126,689
605137,Josh Bell,142,27,8,0,5,3,3,0.296,0.663,55,14,2,0.255,0.681,566,144,20,0.254,0.729,0,0,5,10,10,5,0.199,0.167,0.159,123,617
678218,Brandon Valenzuela,141,17,5,0,1,4,2,0.294,0.662,28,5,0,0.179,0.482,237,53,8,0.224,0.669,0,0,4,5,5,4,0.257,0.152,0.162,68,265
671976,Tristan Peters,145,18,2,0,2,4,1,0.111,0.269,37,4,0,0.108,0.33,436,116,12,0.266,0.761,0,0,2,2,2,2,0.19,0.244,0.273,90,473
807727,Charles McAdoo,141,14,4,0,2,4,1,0.286,0.762,26,7,0,0.269,0.691,94,24,2,0.255,0.669,0,0,3,6,8,5,0.248,0.172,0.152,25,101
703520,Brett Bateman,141,20,6,0,0,3,4,0.3,0.817,49,15,2,0.306,0.883,154,50,2,0.325,0.817,0,0,4,9,11,6,0.198,0.179,0.18,34,172
672386,Alejandro Kirk,141,23,6,0,2,3,3,0.261,0.65,49,15,2,0.306,0.842,277,77,10,0.278,0.77,0,1,3,11,15,4,0.123,0.125,0.115,38,310
676391,Ernie Clement,141,24,3,0,0,2,0,0.125,0.333,45,5,0,0.111,0.308,587,153,9,0.261,0.653,0,0,2,3,5,3,0.095,0.065,0.06,58,609
815873,Sean Keys,141,14,3,0,2,3,1,0.214,0.553,27,6,1,0.222,0.646,59,12,2,0.203,0.581,0,1,3,4,8,4,0.339,0.31,0.3,21,62
543807,George Springer,141,26,4,0,2,7,0,0.154,0.308,52,12,1,0.231,0.594,460,114,15,0.248,0.72,0,1,3,8,12,3,0.185,0.196,0.193,94,507
668904,Royce Lewis,142,29,6,0,2,10,0,0.207,0.448,54,9,0,0.167,0.386,459,103,14,0.224,0.657,0,0,3,7,8,3,0.26,0.345,0.339,129,497
605170,Victor Caratini,142,23,5,0,3,10,0,0.217,0.478,39,8,0,0.205,0.475,327,72,7,0.22,0.609,0,0,4,6,7,5,0.222,0.317,0.295,80,361
665489,Vladimir Guerrero Jr.,141,25,6,0,1,4,2,0.24,0.576,52,14,1,0.269,0.73,542,141,9,0.26,0.685,0,1,4,10,15,5,0.135,0.19,0.194,81,598
663586,Austin Riley,144,26,5,2,3,10,1,0.192,0.645,50,10,3,0.2,0.653,563,124,19,0.22,0.646,2,2,4,7,13,10,0.328,0.345,0.345,200,610
664702,Myles Straw,141,19,7,0,1,3,1,0.368,0.821,31,9,0,0.29,0.676,292,71,3,0.243,0.653,0,0,5,9,10,5,0.135,0.118,0.111,43,319
680577,DaShawn Keirsey Jr.,144,1,1,0,0,0,0,1.0,2.0,1,1,0,1.0,2.0,1,1,0,1.0,2.0,0,0,1,1,1,1,0.0,0.0,0.0,0,1
665926,Andrés Giménez,141,21,5,0,2,4,1,0.238,0.606,48,13,1,0.271,0.738,466,114,9,0.245,0.632,0,0,5,9,13,7,0.195,0.14,0.132,94,483
571657,Kyle Farmer,144,7,1,0,0,2,0,0.143,0.286,16,4,0,0.25,0.562,16,4,0,0.25,0.562,0,0,0,3,4,0,0.25,0.25,0.25,4,16
676551,Brewer Hicklen,144,13,1,0,0,6,2,0.077,0.354,17,2,0,0.118,0.494,35,9,0,0.257,0.795,0,0,1,2,3,2,0.372,0.409,0.385,16,43
664770,Nathan Lukes,141,23,8,0,4,1,3,0.348,0.814,43,13,0,0.302,0.711,408,113,10,0.277,0.706,0,0,6,10,11,7,0.148,0.128,0.125,64,433
686948,Drake Baldwin,144,30,11,1,2,6,2,0.367,0.939,60,21,2,0.35,0.924,549,156,25,0.284,0.808,1,2,7,15,24,11,0.219,0.219,0.221,132,604
676914,Davis Schneider,141,8,2,2,3,3,3,0.25,1.455,14,2,2,0.143,1.026,121,18,5,0.149,0.631,2,2,2,2,8,8,0.336,0.364,0.308,50,149
643289,Mauricio Dubón,144,28,9,0,1,5,1,0.321,0.738,52,19,0,0.365,0.873,568,156,11,0.275,0.71,0,0,6,14,19,7,0.121,0.125,0.117,73,603
645277,Ozzie Albies,144,27,3,0,2,9,0,0.111,0.222,54,7,1,0.13,0.379,613,146,22,0.238,0.684,0,1,2,6,9,2,0.158,0.246,0.241,104,659
669701,Josh Smith,141,19,1,0,0,6,0,0.053,0.158,35,3,0,0.086,0.278,211,43,6,0.204,0.61,0,0,1,2,4,2,0.237,0.324,0.317,56,236
673490,Ha-Seong Kim,144,20,1,0,0,6,3,0.05,0.324,38,5,0,0.132,0.444,127,15,0,0.118,0.348,0,0,1,4,6,3,0.262,0.256,0.239,37,141
573262,Mike Yastrzemski,144,19,5,2,5,5,3,0.263,0.943,37,10,3,0.27,0.898,357,81,12,0.227,0.691,0,2,1,5,11,1,0.244,0.214,0.2,97,398
672960,Kazuma Okamoto,141,26,5,0,4,5,3,0.192,0.545,49,12,3,0.245,0.841,566,132,33,0.233,0.758,0,0,3,7,9,5,0.29,0.175,0.213,181,624
621566,Matt Olson,144,26,6,1,5,3,1,0.231,0.644,56,16,4,0.286,0.84,623,157,41,0.252,0.826,1,2,4,12,19,8,0.247,0.153,0.145,170,687
669221,Sean Murphy,144,21,1,0,1,5,4,0.048,0.248,44,3,0,0.068,0.287,106,18,3,0.17,0.54,0,0,1,3,4,1,0.308,0.255,0.25,36,117
687637,Dylan Beavers,110,29,4,2,5,12,4,0.138,0.587,58,10,3,0.172,0.612,324,74,9,0.228,0.677,2,2,3,4,10,9,0.276,0.328,0.324,99,359
683002,Gunnar Henderson,110,26,9,1,2,8,2,0.346,0.97,51,15,2,0.294,0.869,623,141,24,0.226,0.705,1,2,5,11,20,10,0.226,0.276,0.27,156,690
665966,Carlos Narváez,110,13,1,0,0,3,1,0.077,0.22,26,4,0,0.154,0.368,248,40,3,0.161,0.447,0,0,1,3,3,1,0.337,0.179,0.219,90,267
671739,Michael Harris II,144,27,9,0,2,2,2,0.333,0.86,59,22,2,0.373,0.935,591,174,26,0.294,0.812,0,1,9,13,20,13,0.194,0.131,0.125,119,614
681047,Christian Franklin,110,21,4,0,1,5,1,0.19,0.417,38,8,0,0.211,0.555,50,9,0,0.18,0.501,0,0,4,5,6,4,0.263,0.25,0.25,15,57
642086,Dominic Smith,144,10,1,1,2,3,2,0.1,0.65,26,3,1,0.115,0.438,267,68,9,0.255,0.7,1,1,1,2,5,4,0.166,0.379,0.367,48,290
687952,Christian Encarnacion-Strand,110,22,6,1,4,4,1,0.273,0.759,49,16,3,0.327,0.945,195,54,11,0.277,0.829,1,3,6,12,25,10,0.267,0.235,0.235,55,206
660670,Ronald Acuña Jr.,144,26,6,2,6,4,3,0.231,0.772,56,15,4,0.268,0.846,408,104,20,0.255,0.792,0,3,3,9,19,3,0.223,0.164,0.169,103,461
669236,Jeremiah Jackson,110,23,3,1,2,7,2,0.13,0.461,44,7,3,0.159,0.582,277,60,10,0.217,0.609,1,3,2,5,14,5,0.24,0.413,0.44,69,287
677008,Heston Kjerstad,110,12,3,0,2,8,0,0.25,0.583,19,4,0,0.211,0.474,19,4,0,0.211,0.474,0,0,2,4,5,3,0.474,0.474,0.474,9,19
691723,Coby Mayo,110,25,5,0,0,9,4,0.2,0.55,54,14,2,0.259,0.788,412,94,24,0.228,0.751,0,1,4,10,17,5,0.308,0.246,0.246,138,448
676480,José Barrero,110,6,1,0,0,3,0,0.167,0.334,6,1,0,0.167,0.334,6,1,0,0.167,0.334,0,0,1,1,1,1,0.5,0.5,0.5,3,6
681297,Colton Cowser,110,21,8,0,1,7,4,0.381,0.956,39,12,0,0.308,0.785,341,77,13,0.226,0.688,0,0,5,10,12,7,0.313,0.356,0.356,121,387
624413,Pete Alonso,110,25,7,5,8,7,3,0.28,1.237,54,14,9,0.259,1.103,602,161,43,0.267,0.876,5,8,7,10,34,22,0.247,0.262,0.273,169,683
665750,Leody Taveras,110,22,5,0,2,4,1,0.227,0.579,38,9,0,0.237,0.572,429,94,8,0.219,0.632,0,0,5,6,8,7,0.264,0.282,0.31,124,470
650968,Yohel Pozo,110,12,3,0,0,3,0,0.25,0.5,18,5,0,0.278,0.594,60,15,1,0.25,0.579,0,0,2,3,3,2,0.148,0.158,0.158,9,61
640459,Brian Navarreto,146,6,2,0,1,2,0,0.333,1.0,16,3,0,0.188,0.5,50,7,1,0.14,0.433,0,0,1,2,4,2,0.385,0.438,0.421,20,52
682663,Agustín Ramírez,146,23,7,0,2,6,2,0.304,0.708,43,13,2,0.302,0.836,222,53,5,0.239,0.679,0,1,5,11,15,5,0.242,0.261,0.261,60,248
665052,Griffin Conine,146,23,9,2,4,4,1,0.391,1.069,49,15,3,0.306,0.843,280,74,18,0.264,0.83,1,3,7,10,19,10,0.296,0.294,0.281,93,314
688363,Graham Pauley,146,7,1,0,0,4,0,0.143,0.286,26,6,2,0.231,0.772,138,29,4,0.21,0.63,0,2,1,6,12,1,0.253,0.31,0.303,37,146
691277,Deyvison De Los Santos,146,19,0,0,0,5,0,0.0,0.0,31,3,0,0.097,0.226,38,5,0,0.132,0.316,0,0,0,1,1,0,0.263,0.226,0.235,10,38
691858,Jared Serna,146,12,1,0,0,3,1,0.083,0.237,23,3,0,0.13,0.384,26,4,0,0.154,0.445,0,0,1,1,1,1,0.286,0.333,0.296,8,28
677956,Rece Hinds,110,19,2,0,0,9,2,0.105,0.348,31,5,0,0.161,0.483,63,9,0,0.143,0.428,0,0,2,2,3,3,0.471,0.429,0.444,32,68
665923,Esteury Ruiz,146,19,2,0,1,8,3,0.105,0.332,36,5,0,0.139,0.399,210,45,6,0.214,0.665,0,0,1,4,5,1,0.345,0.333,0.372,81,235
805300,Jakob Marsee,146,24,7,0,2,5,3,0.292,0.745,47,14,2,0.298,0.909,516,119,11,0.231,0.691,0,1,4,10,16,6,0.212,0.226,0.203,126,594
681715,Heriberto Hernández,146,27,4,0,2,6,5,0.148,0.503,58,13,0,0.224,0.567,444,100,24,0.225,0.738,0,0,3,10,12,5,0.268,0.231,0.225,133,496
691788,Joe Mack,146,20,4,1,5,3,1,0.2,0.588,39,10,2,0.256,0.729,303,71,14,0.234,0.683,1,1,4,6,9,7,0.255,0.195,0.178,82,322
691594,Javier Sanoja,146,28,10,2,5,3,2,0.357,1.007,56,19,3,0.339,0.998,457,136,11,0.298,0.799,1,2,9,14,22,13,0.081,0.085,0.077,39,484
683011,Anthony Volpe,147,26,5,0,2,10,1,0.192,0.453,49,13,1,0.265,0.696,220,54,2,0.245,0.658,0,0,4,9,12,5,0.229,0.212,0.2,56,245
645305,Ali Sánchez,147,17,4,0,1,3,0,0.235,0.47,25,5,0,0.2,0.4,86,21,1,0.244,0.555,0,0,2,5,5,2,0.287,0.36,0.346,25,87
806146,George Lombard Jr.,147,28,7,3,7,9,0,0.25,0.857,56,13,4,0.232,0.741,152,36,7,0.237,0.698,2,4,5,12,25,12,0.272,0.241,0.226,44,162
669065,Kyle Stowers,146,25,6,2,4,5,4,0.24,0.865,53,10,2,0.189,0.641,447,107,21,0.239,0.778,2,2,5,8,16,12,0.323,0.267,0.286,161,499
682987,Spencer Jones,147,27,5,1,3,11,1,0.185,0.547,57,14,2,0.246,0.627,261,64,11,0.245,0.74,0,2,4,6,13,5,0.367,0.379,0.355,105,286
672640,Otto Lopez,146,28,7,1,2,4,4,0.25,0.701,56,18,1,0.321,0.79,627,191,11,0.305,0.783,0,1,6,11,15,6,0.133,0.143,0.134,89,667
671218,Heliot Ramos,147,27,8,1,3,9,1,0.296,0.84,47,13,3,0.277,0.899,404,99,13,0.245,0.71,0,2,7,9,18,10,0.278,0.288,0.291,121,435
669224,Austin Wells,147,17,5,2,2,4,7,0.294,1.147,36,7,4,0.194,0.911,334,62,14,0.186,0.62,2,4,4,7,19,10,0.27,0.213,0.216,103,382
642708,Amed Rosario,147,21,5,0,3,2,0,0.238,0.476,41,12,0,0.293,0.643,227,54,10,0.238,0.687,0,0,4,10,11,4,0.237,0.093,0.114,57,241
669364,Xavier Edwards,146,24,4,0,1,8,4,0.167,0.453,52,11,0,0.212,0.524,518,145,6,0.28,0.734,0,0,4,8,9,4,0.142,0.19,0.177,83,586
665862,Jazz Chisholm Jr.,147,23,5,0,0,6,4,0.217,0.55,42,12,1,0.286,0.745,471,109,19,0.231,0.712,0,1,5,11,14,5,0.298,0.265,0.245,157,527
641857,Ryan McMahon,147,19,4,1,7,9,1,0.211,0.671,43,8,1,0.186,0.524,328,70,11,0.213,0.632,1,1,4,6,10,8,0.298,0.289,0.277,106,356
641355,Cody Bellinger,147,28,3,1,2,6,1,0.107,0.352,56,15,4,0.268,0.823,496,131,17,0.264,0.771,1,2,2,9,15,5,0.16,0.153,0.159,89,555
666310,Bo Naylor,158,18,4,2,6,5,2,0.222,0.856,40,7,2,0.175,0.583,91,14,3,0.154,0.489,2,2,4,6,13,10,0.245,0.279,0.289,24,98
700250,Ben Rice,147,25,7,2,2,9,5,0.28,1.0,49,17,5,0.347,1.219,573,151,41,0.264,0.893,2,3,6,10,23,13,0.246,0.21,0.209,162,658
663604,Brandon Lockridge,158,13,3,0,0,6,1,0.231,0.594,23,7,0,0.304,0.724,101,28,0,0.277,0.675,0,0,2,3,4,3,0.295,0.375,0.321,33,112
592885,Christian Yelich,158,25,4,1,4,9,3,0.16,0.53,48,9,2,0.188,0.576,438,103,12,0.235,0.691,1,1,2,7,10,5,0.273,0.358,0.345,133,487
806198,Cooper Pratt,158,20,6,0,3,4,4,0.3,0.767,45,14,0,0.311,0.736,224,63,3,0.281,0.727,0,0,5,10,11,6,0.184,0.14,0.135,46,250
666152,David Hamilton,158,17,5,0,1,6,1,0.294,0.745,33,8,0,0.242,0.589,336,82,4,0.244,0.646,0,0,4,6,8,6,0.234,0.343,0.35,86,368
669003,Garrett Mitchell,158,24,4,0,0,11,3,0.167,0.426,48,13,2,0.271,0.798,458,120,11,0.262,0.763,0,0,3,6,8,3,0.323,0.34,0.368,167,517
596142,Gary Sánchez,158,18,3,0,1,6,4,0.167,0.485,35,6,1,0.171,0.596,221,46,11,0.208,0.757,0,0,3,5,6,3,0.217,0.286,0.279,58,267
502671,Paul Goldschmidt,147,19,5,0,2,1,1,0.263,0.668,37,11,1,0.297,0.782,345,87,18,0.252,0.762,0,0,4,6,8,5,0.23,0.1,0.114,86,374
800325,Luis Lara,158,26,4,0,2,6,2,0.154,0.368,54,10,0,0.185,0.432,191,47,1,0.246,0.636,0,0,3,6,7,3,0.22,0.246,0.267,46,209
641343,Jake Bauers,158,24,5,0,3,13,4,0.208,0.613,47,11,2,0.234,0.771,473,126,26,0.266,0.874,0,1,4,8,14,5,0.273,0.418,0.383,155,567
676609,José Caballero,147,18,3,0,0,7,3,0.167,0.453,32,6,1,0.188,0.559,411,95,14,0.231,0.647,0,1,1,6,9,1,0.252,0.278,0.278,111,440
543510,James McCann,109,20,4,2,5,6,0,0.2,0.7,37,9,3,0.243,0.796,152,43,7,0.283,0.771,2,3,3,8,18,9,0.266,0.333,0.302,42,158
687401,Joey Ortiz,158,26,7,0,1,9,3,0.269,0.691,50,18,1,0.36,0.876,371,100,9,0.27,0.735,0,1,5,12,18,7,0.202,0.283,0.286,82,406
686217,Sal Frelick,158,16,4,0,3,0,3,0.25,0.68,40,7,0,0.175,0.458,336,78,4,0.232,0.618,0,0,2,5,6,3,0.104,0.047,0.044,38,367
694192,Jackson Chourio,158,20,6,1,3,7,4,0.3,0.867,52,14,2,0.269,0.79,518,149,25,0.288,0.832,1,2,5,9,15,8,0.237,0.267,0.262,134,565
680728,Adrian Del Castillo,109,12,1,0,0,4,0,0.083,0.166,36,8,1,0.222,0.604,180,35,5,0.194,0.56,0,0,1,2,2,1,0.29,0.297,0.275,56,193
663457,Lars Nootbaar,109,25,6,1,1,8,4,0.24,0.745,46,11,2,0.239,0.755,281,67,8,0.238,0.727,1,2,6,9,16,10,0.208,0.255,0.259,68,327
661388,William Contreras,158,24,6,1,7,5,3,0.25,0.708,53,15,4,0.283,0.924,566,153,18,0.27,0.758,0,1,4,9,14,4,0.15,0.164,0.185,94,627
668930,Brice Turang,158,25,8,2,6,10,1,0.32,1.026,49,19,4,0.388,1.227,578,155,21,0.268,0.819,2,2,8,12,22,17,0.256,0.288,0.27,171,668
545121,Ildemaro Vargas,109,11,4,0,0,2,2,0.364,0.826,34,10,0,0.294,0.692,453,115,9,0.254,0.673,0,0,2,5,5,2,0.102,0.105,0.095,49,480
691783,Jordan Lawlar,109,15,3,1,3,4,0,0.2,0.8,37,10,2,0.27,0.857,121,31,6,0.256,0.749,1,2,2,7,17,6,0.31,0.263,0.293,39,126
699912,Jose Fernandez,109,12,2,0,0,5,0,0.167,0.334,27,6,0,0.222,0.522,203,52,3,0.256,0.639,0,0,1,3,3,1,0.234,0.233,0.229,50,214
671277,Luis García Jr.,147,26,3,0,1,9,2,0.115,0.294,55,12,2,0.218,0.591,516,143,30,0.277,0.832,0,0,3,4,4,3,0.179,0.246,0.25,97,541
656976,Pavin Smith,109,15,5,1,4,4,2,0.333,1.012,35,9,2,0.257,0.783,105,20,3,0.19,0.579,0,2,4,8,16,5,0.205,0.243,0.268,24,117
672695,Geraldo Perdomo,109,28,11,0,9,6,5,0.393,1.128,52,19,0,0.365,0.976,559,146,9,0.261,0.746,0,0,8,15,22,13,0.131,0.175,0.164,86,654
814439,Ryan Waldschmidt,109,17,2,0,0,10,2,0.118,0.446,39,6,0,0.154,0.438,250,64,3,0.256,0.684,0,0,1,3,5,3,0.312,0.372,0.356,85,272
682998,Corbin Carroll,109,25,5,0,8,6,3,0.2,0.606,53,12,3,0.226,0.753,579,138,22,0.238,0.79,0,1,4,8,15,7,0.232,0.281,0.305,151,652
606466,Ketel Marte,109,27,7,0,1,1,4,0.259,0.688,59,14,0,0.237,0.653,558,139,22,0.249,0.746,0,0,5,10,14,7,0.141,0.078,0.072,86,609
672515,Gabriel Moreno,109,26,11,1,8,2,4,0.423,1.077,55,22,4,0.4,1.123,473,147,16,0.311,0.876,1,3,8,16,27,12,0.15,0.113,0.127,80,534
807713,Matt Shaw,112,19,5,0,1,3,2,0.263,0.649,27,5,0,0.185,0.534,171,41,5,0.24,0.734,0,0,3,5,6,4,0.183,0.219,0.194,35,191
571448,Nolan Arenado,109,28,12,4,12,7,2,0.429,1.36,52,22,7,0.423,1.349,530,135,30,0.255,0.795,3,5,9,17,33,19,0.206,0.214,0.2,120,582
699115,Carlos Jorge,113,19,5,1,1,6,2,0.263,0.754,33,6,1,0.182,0.603,42,8,1,0.19,0.571,1,1,5,6,11,8,0.283,0.297,0.268,13,46
608348,Carson Kelly,112,22,5,0,1,4,1,0.227,0.488,37,10,0,0.27,0.632,380,98,10,0.258,0.705,0,0,1,6,6,1,0.167,0.128,0.14,70,420
621020,Dansby Swanson,112,22,4,1,3,7,2,0.182,0.568,43,8,2,0.186,0.663,425,91,19,0.214,0.697,1,2,3,7,14,6,0.238,0.235,0.255,113,475
672356,Gabriel Arias,112,10,3,0,2,2,1,0.3,0.664,35,9,0,0.257,0.583,139,34,5,0.245,0.66,0,0,2,3,3,2,0.408,0.351,0.342,60,147
608324,Alex Bregman,112,25,4,1,5,3,3,0.16,0.65,47,12,2,0.255,0.863,604,157,26,0.26,0.791,1,2,4,9,20,10,0.15,0.074,0.086,102,679
683737,Michael Busch,112,26,10,1,1,9,4,0.385,0.967,48,16,2,0.333,0.927,597,145,20,0.243,0.739,0,1,7,11,14,7,0.239,0.276,0.274,165,689
624424,Michael Conforto,112,25,6,1,2,5,2,0.24,0.696,42,9,1,0.214,0.64,266,63,15,0.237,0.792,1,1,2,7,12,6,0.266,0.174,0.16,80,301
682829,Elly De La Cruz,113,25,5,2,5,8,6,0.2,0.835,51,15,4,0.294,1.018,555,157,30,0.283,0.882,2,3,4,8,18,11,0.276,0.279,0.292,173,627
699393,Pedro Ramírez,112,28,7,0,3,7,1,0.25,0.526,51,12,2,0.235,0.67,237,61,6,0.257,0.716,0,1,5,9,13,5,0.187,0.167,0.19,48,257
699302,Héctor Rodríguez,113,24,7,1,5,7,0,0.292,0.917,49,8,1,0.163,0.49,140,33,6,0.236,0.693,1,1,6,7,15,12,0.265,0.245,0.245,39,147
682877,Juan Brito,113,22,7,1,3,3,1,0.318,0.803,44,16,2,0.364,0.936,102,26,3,0.255,0.705,1,1,4,10,14,7,0.229,0.109,0.128,25,109
664023,Ian Happ,112,22,5,0,2,5,3,0.227,0.729,38,9,1,0.237,0.844,541,119,24,0.22,0.738,0,1,3,7,15,6,0.299,0.13,0.16,186,622
694374,Tim Tawa,109,25,6,1,3,6,2,0.24,0.696,46,9,1,0.196,0.608,309,74,11,0.239,0.696,1,1,6,6,10,10,0.25,0.18,0.164,84,336
665804,Miguel Amaya,112,19,5,1,5,7,0,0.263,0.789,36,7,1,0.194,0.589,211,49,6,0.232,0.678,1,1,3,7,12,7,0.286,0.385,0.4,67,234
663538,Nico Hoerner,112,26,7,0,3,2,2,0.269,0.629,54,13,0,0.241,0.546,626,165,8,0.264,0.662,0,0,4,8,9,4,0.087,0.036,0.033,58,669
668709,JJ Bleday,113,23,5,2,2,5,2,0.217,0.758,46,10,2,0.217,0.664,462,99,24,0.214,0.733,1,2,3,7,13,6,0.225,0.216,0.241,120,534
673548,Seiya Suzuki,112,28,10,2,3,8,4,0.357,1.045,54,16,2,0.296,0.83,545,147,26,0.27,0.837,1,2,7,12,19,11,0.248,0.283,0.281,155,626
680574,Matt McLain,113,23,5,0,1,7,1,0.217,0.554,45,7,0,0.156,0.396,434,81,15,0.187,0.604,0,0,5,6,9,7,0.286,0.348,0.353,138,482
665828,Oswaldo Cabrera,113,20,2,0,0,9,0,0.1,0.25,20,2,0,0.1,0.25,20,2,0,0.1,0.25,0,0,2,2,3,3,0.45,0.45,0.45,9,20
624428,Adam Frazier,108,13,3,0,3,2,1,0.231,0.594,24,4,0,0.167,0.481,129,31,1,0.24,0.649,0,0,3,4,6,4,0.279,0.308,0.296,39,140
621438,Tyrone Taylor,112,16,2,0,2,2,1,0.125,0.426,39,14,1,0.359,0.965,215,59,11,0.274,0.821,0,0,2,5,9,4,0.175,0.075,0.07,40,229
694203,Denzer Guzman,108,23,3,1,4,5,4,0.13,0.52,51,10,1,0.196,0.543,279,61,8,0.219,0.601,1,1,2,8,11,5,0.257,0.214,0.22,76,296
624431,Jose Trevino,113,22,3,0,2,4,0,0.136,0.272,47,8,1,0.17,0.404,152,33,5,0.217,0.558,0,0,3,5,5,3,0.19,0.191,0.18,29,153
677943,Will Banfield,113,13,3,0,1,4,0,0.231,0.539,17,3,0,0.176,0.411,17,3,0,0.176,0.411,0,0,2,3,4,3,0.294,0.294,0.294,5,17
667472,Dane Myers,113,22,3,2,2,8,2,0.136,0.617,43,9,2,0.209,0.664,292,75,8,0.257,0.717,1,2,2,5,11,5,0.249,0.25,0.264,82,329
553993,Eugenio Suárez,113,25,6,2,6,10,1,0.24,0.789,47,11,4,0.234,0.819,434,92,26,0.212,0.729,2,2,5,7,14,12,0.348,0.308,0.321,169,486
691718,Pete Crow-Armstrong,112,28,7,1,2,6,5,0.25,0.793,59,15,4,0.254,0.875,625,174,45,0.278,0.933,0,3,4,10,23,5,0.264,0.227,0.229,187,708
666139,Josh Lowe,108,19,3,0,0,9,0,0.158,0.421,36,8,1,0.222,0.639,307,64,12,0.208,0.63,0,1,2,7,13,3,0.31,0.472,0.462,103,332
694208,Moisés Ballesteros,108,25,2,0,0,9,2,0.08,0.228,45,10,1,0.222,0.589,314,68,9,0.217,0.617,0,0,2,7,7,2,0.239,0.3,0.278,82,343
663886,Tyler Stephenson,113,23,3,0,1,9,2,0.13,0.374,42,7,0,0.167,0.46,411,99,15,0.241,0.726,0,0,1,5,6,2,0.278,0.289,0.283,128,460
695681,Christian Moore,108,22,7,1,8,8,3,0.318,0.9,48,10,1,0.208,0.581,131,25,2,0.191,0.53,1,1,6,8,12,10,0.333,0.346,0.375,47,141
669326,Bryce Teodosio,108,17,3,0,4,8,1,0.176,0.398,33,5,0,0.152,0.404,66,13,0,0.197,0.481,0,0,3,3,3,3,0.366,0.306,0.306,26,71
663647,Ke'Bryan Hayes,113,12,1,0,1,0,0,0.083,0.166,25,1,0,0.04,0.08,227,32,5,0.141,0.413,0,0,0,1,1,0,0.2,0.16,0.214,48,240
642350,Jose Siri,108,20,6,1,3,6,2,0.3,0.814,39,12,1,0.308,0.793,227,54,9,0.238,0.686,0,1,4,8,11,4,0.331,0.31,0.302,80,242
687263,Zach Neto,108,25,6,1,3,9,7,0.24,0.846,50,11,2,0.22,0.801,616,148,27,0.24,0.754,1,1,6,8,13,11,0.311,0.302,0.313,213,684
518595,Travis d'Arnaud,108,20,3,0,0,7,0,0.15,0.4,32,3,0,0.094,0.327,76,12,1,0.158,0.457,0,0,2,3,5,4,0.293,0.371,0.378,24,82
687093,Vaughn Grissom,108,30,10,2,6,4,2,0.333,0.908,52,13,3,0.25,0.746,419,102,13,0.243,0.685,1,2,8,10,16,11,0.191,0.214,0.2,86,450
685133,Wade Meckler,108,30,11,0,0,3,2,0.367,0.873,53,18,0,0.34,0.812,298,90,3,0.302,0.759,0,0,10,14,17,13,0.188,0.138,0.148,62,330
678882,Ceddanne Rafaela,111,22,4,0,3,5,1,0.182,0.399,52,13,0,0.25,0.541,539,152,16,0.282,0.752,0,0,4,7,7,4,0.207,0.2,0.2,116,561
672724,Oswald Peraza,108,13,3,0,1,4,2,0.231,0.564,35,8,0,0.229,0.518,337,76,7,0.226,0.598,0,0,3,5,5,3,0.308,0.316,0.308,109,354
701398,Sal Stewart,113,29,4,0,1,11,2,0.138,0.332,56,13,1,0.232,0.557,619,164,32,0.265,0.793,0,1,4,10,13,4,0.227,0.356,0.333,155,682
545361,Mike Trout,108,24,7,1,1,7,8,0.292,0.927,46,10,1,0.217,0.755,513,124,22,0.242,0.794,1,1,5,8,12,9,0.266,0.254,0.273,165,620
691182,Adael Amador,115,21,5,0,3,2,2,0.238,0.637,44,10,1,0.227,0.67,80,22,4,0.275,0.835,0,0,4,6,8,6,0.135,0.102,0.113,12,89
668939,Adley Rutschman,111,28,9,0,2,7,0,0.321,0.785,54,14,1,0.259,0.712,362,87,12,0.24,0.729,0,0,7,10,15,9,0.17,0.196,0.217,68,400
702332,Caleb Durbin,111,24,6,0,0,3,2,0.25,0.641,44,11,1,0.25,0.704,504,125,13,0.248,0.696,0,0,2,7,9,2,0.142,0.12,0.111,79,555
686765,Nick Sogard,111,28,7,0,0,8,1,0.25,0.562,52,11,1,0.212,0.568,236,60,5,0.254,0.724,0,0,6,8,9,7,0.211,0.241,0.259,56,266
701350,Roman Anthony,111,28,10,1,4,8,2,0.357,1.079,58,16,2,0.276,0.806,210,52,5,0.248,0.739,0,1,7,11,20,12,0.268,0.274,0.288,64,239
596115,Trevor Story,111,25,5,2,4,11,2,0.2,0.699,51,13,2,0.255,0.727,249,59,5,0.237,0.622,1,2,2,9,15,5,0.331,0.389,0.362,86,260
657136,Connor Wong,111,19,3,0,2,5,0,0.158,0.369,44,8,0,0.182,0.427,209,49,4,0.234,0.641,0,0,2,5,6,3,0.252,0.244,0.229,57,226
643396,Isiah Kiner-Falefa,111,17,2,0,0,5,3,0.118,0.368,33,4,0,0.121,0.377,161,39,2,0.242,0.633,0,0,2,2,2,2,0.15,0.231,0.231,27,180
694249,Cole Carrigg,115,27,10,1,6,7,0,0.37,0.889,58,20,4,0.345,0.931,329,92,11,0.28,0.807,1,1,8,14,18,12,0.244,0.276,0.258,87,357
680776,Jarren Duran,111,17,6,0,0,2,4,0.353,0.947,34,9,0,0.265,0.683,549,114,20,0.208,0.625,0,0,4,6,8,4,0.28,0.205,0.209,165,590
677800,Wilyer Abreu,111,27,4,0,2,10,2,0.148,0.429,53,10,1,0.189,0.567,594,148,24,0.249,0.776,0,0,4,5,7,6,0.211,0.246,0.23,140,664
664954,Brett Sullivan,115,22,3,0,2,3,0,0.136,0.272,42,8,0,0.19,0.441,218,49,7,0.225,0.658,0,0,3,4,4,3,0.173,0.182,0.167,40,231
623168,Tyler Heineman,108,18,4,0,1,3,0,0.222,0.444,31,6,0,0.194,0.42,177,31,1,0.175,0.418,0,0,2,4,4,2,0.165,0.161,0.147,30,182
681508,Mickey Gasper,111,16,2,1,1,8,1,0.125,0.488,32,5,2,0.156,0.55,191,48,10,0.251,0.81,1,1,1,3,6,4,0.179,0.324,0.289,39,218
690924,Braxton Fulford,115,13,2,0,0,6,2,0.154,0.421,25,4,0,0.16,0.422,74,13,1,0.176,0.526,0,0,1,2,2,1,0.415,0.37,0.393,34,82
687597,Jordan Beck,115,15,3,0,0,7,1,0.2,0.517,30,5,0,0.167,0.442,162,32,1,0.198,0.547,0,0,2,5,6,3,0.314,0.394,0.412,55,175
696100,Hunter Goodman,115,28,8,3,7,4,1,0.286,0.953,57,13,5,0.228,0.828,515,127,41,0.247,0.839,2,4,6,12,28,13,0.311,0.133,0.131,174,560
655316,Andruw Monasterio,111,15,2,0,2,5,2,0.133,0.368,35,3,0,0.086,0.221,310,73,6,0.235,0.669,0,0,2,2,2,2,0.199,0.27,0.25,67,336
681393,Connor Norby,115,21,7,0,2,6,3,0.333,0.798,48,17,1,0.354,0.957,327,79,7,0.242,0.7,0,0,2,11,15,3,0.294,0.226,0.241,108,367
575929,Willson Contreras,111,22,5,1,3,8,4,0.227,0.801,50,11,2,0.22,0.684,446,123,27,0.276,0.878,1,1,4,7,12,7,0.265,0.25,0.262,134,505
691728,Zac Veen,115,17,3,1,1,8,1,0.176,0.634,29,6,1,0.207,0.626,69,16,3,0.232,0.738,1,1,2,4,8,6,0.408,0.375,0.412,31,76
663330,Jahmai Jones,111,18,3,1,1,7,2,0.167,0.583,31,6,2,0.194,0.629,158,33,6,0.209,0.659,1,1,3,4,7,6,0.331,0.424,0.4,58,175
687859,Troy Johnston,115,17,5,0,2,4,1,0.294,0.804,42,9,0,0.214,0.6,393,110,4,0.28,0.739,0,0,2,6,9,3,0.188,0.311,0.319,81,430
691720,Kyle Karros,115,26,4,1,1,9,4,0.154,0.536,54,11,3,0.204,0.672,407,103,13,0.253,0.756,1,2,3,7,13,6,0.213,0.233,0.234,98,461
664983,Jake McCarthy,115,28,5,0,1,6,1,0.179,0.457,55,14,0,0.255,0.699,544,159,15,0.292,0.807,0,0,3,9,15,3,0.166,0.158,0.145,95,574
681807,David Fry,114,20,5,2,7,4,1,0.25,0.886,33,7,2,0.212,0.659,180,35,8,0.194,0.664,1,2,4,5,12,8,0.279,0.176,0.171,58,208
666160,Mickey Moniak,115,20,2,1,1,7,0,0.1,0.45,45,6,1,0.133,0.481,404,96,23,0.238,0.757,1,1,1,5,12,4,0.282,0.404,0.412,120,426
682657,Angel Martínez,114,26,10,3,9,4,1,0.385,1.253,54,18,4,0.333,1.061,385,99,18,0.257,0.751,1,3,6,13,27,11,0.226,0.214,0.2,90,398
678662,Ezequiel Tovar,115,24,7,2,2,7,0,0.292,0.917,42,12,3,0.286,0.866,462,101,13,0.219,0.618,2,2,5,9,17,12,0.263,0.25,0.277,129,491
677587,Brayan Rocchio,114,25,9,2,6,3,2,0.36,1.127,48,14,2,0.292,0.879,534,135,15,0.253,0.693,2,2,6,12,22,13,0.149,0.151,0.14,85,572
694197,Angel Genao,114,6,0,0,0,3,1,0.0,0.143,25,2,0,0.08,0.287,123,26,2,0.211,0.569,0,0,0,0,0,0,0.157,0.241,0.242,21,134
681198,TJ Rumfield,115,24,7,1,4,2,2,0.292,0.804,52,17,1,0.327,0.809,547,164,16,0.3,0.834,1,1,5,11,15,9,0.139,0.123,0.115,86,619
595978,Austin Hedges,114,22,5,1,2,4,5,0.227,0.87,43,7,2,0.163,0.652,213,53,6,0.249,0.708,1,1,3,6,12,8,0.185,0.24,0.222,44,238
608070,José Ramírez,114,29,8,0,2,2,3,0.276,0.654,59,13,1,0.22,0.592,473,111,12,0.235,0.689,0,1,4,12,18,4,0.129,0.127,0.118,69,533
800050,Chase DeLauter,114,28,7,2,5,6,4,0.25,0.88,52,11,3,0.212,0.751,495,142,16,0.287,0.821,1,2,4,9,17,9,0.148,0.148,0.138,82,555
814430,Brett Callahan,116,13,3,0,0,3,1,0.231,0.517,28,6,0,0.214,0.598,69,15,1,0.217,0.613,0,0,2,3,3,2,0.333,0.25,0.265,25,75
683953,Travis Bazzana,114,25,5,0,0,9,1,0.2,0.591,50,14,4,0.28,0.965,445,110,15,0.247,0.742,0,3,5,8,21,9,0.214,0.218,0.207,107,501
680757,Steven Kwan,114,27,11,0,2,2,5,0.407,0.981,51,18,1,0.353,0.947,539,152,3,0.282,0.729,0,0,6,12,14,8,0.099,0.079,0.088,62,624
690984,Petey Halpin,114,4,2,0,1,1,2,0.5,1.167,23,7,1,0.304,0.82,174,39,4,0.224,0.59,0,1,2,5,8,2,0.191,0.115,0.143,35,183
666176,Jo Adell,114,28,6,0,1,4,4,0.214,0.562,56,13,2,0.232,0.67,600,143,22,0.238,0.673,0,1,3,9,13,4,0.248,0.213,0.242,157,633
680664,Eduardo Valencia,116,21,9,1,2,4,3,0.429,1.214,48,19,1,0.396,1.057,125,43,7,0.344,0.998,1,1,6,15,24,12,0.237,0.132,0.148,31,131
701162,Ben Malgeri,116,18,6,2,5,3,1,0.333,1.146,26,7,2,0.269,0.922,119,30,5,0.252,0.766,2,2,6,7,15,14,0.265,0.172,0.2,36,136
807726,John Peck,116,20,1,0,0,5,3,0.05,0.224,40,5,0,0.125,0.38,65,11,0,0.169,0.455,0,0,1,3,3,1,0.216,0.191,0.196,16,74
650402,Gleyber Torres,116,25,4,0,1,6,6,0.16,0.483,52,12,0,0.231,0.594,358,93,8,0.26,0.724,0,0,3,6,7,3,0.195,0.213,0.227,81,415
672275,Patrick Bailey,114,21,4,2,3,9,2,0.19,0.737,42,10,2,0.238,0.678,308,64,10,0.208,0.612,2,2,3,6,12,9,0.268,0.364,0.378,90,336
690291,Jace Jung,116,8,2,0,0,2,2,0.25,0.65,8,2,0,0.25,0.65,8,2,0,0.25,0.65,0,0,2,2,2,2,0.2,0.2,0.2,2,10
701678,Hao-Yu Lee,116,30,9,0,1,7,4,0.3,0.782,58,18,2,0.31,0.955,326,87,10,0.267,0.758,0,2,7,15,25,10,0.239,0.194,0.214,85,356
682177,Daniel Schneemann,114,6,1,0,1,3,0,0.167,0.334,29,4,0,0.138,0.366,258,53,6,0.205,0.591,0,0,1,2,2,1,0.298,0.355,0.353,84,282
663993,Nathaniel Lowe,114,12,2,0,5,2,1,0.167,0.398,33,7,1,0.212,0.581,377,95,17,0.252,0.766,0,0,1,6,6,1,0.239,0.194,0.189,99,415
703601,Max Clark,116,25,7,0,1,5,4,0.28,0.699,50,17,1,0.34,0.901,176,49,3,0.278,0.771,0,0,5,11,13,6,0.211,0.158,0.164,41,194
595879,Javier Báez,116,18,4,1,3,7,1,0.222,0.707,36,6,1,0.167,0.544,187,45,3,0.241,0.628,1,1,4,4,8,8,0.212,0.289,0.3,41,193
805808,Kevin McGonigle,116,32,9,0,6,8,3,0.281,0.749,59,18,1,0.305,0.855,602,166,17,0.276,0.798,0,0,6,13,17,8,0.142,0.176,0.192,99,697
693307,Dillon Dingler,116,26,7,0,3,6,2,0.269,0.667,53,11,1,0.208,0.538,551,134,27,0.243,0.733,0,0,5,8,10,6,0.238,0.273,0.288,139,585
676439,Hunter Feduccia,119,19,2,0,2,2,6,0.105,0.425,33,4,0,0.121,0.414,213,48,3,0.225,0.631,0,0,1,3,3,1,0.246,0.195,0.182,59,240
681624,Andy Pages,119,21,6,1,1,7,3,0.286,0.851,49,15,3,0.306,0.901,508,139,22,0.274,0.799,1,2,5,11,19,9,0.201,0.167,0.153,112,556
679529,Spencer Torkelson,116,19,5,2,5,11,5,0.263,1.206,43,15,4,0.349,1.258,525,121,26,0.23,0.758,2,2,4,9,19,13,0.324,0.345,0.333,193,596
606192,Teoscar Hernández,119,27,9,1,1,11,0,0.333,0.814,53,14,3,0.264,0.781,439,118,16,0.269,0.761,1,1,6,12,16,10,0.281,0.328,0.328,135,481
656716,Zach McKinstry,116,6,0,0,0,2,1,0.0,0.143,24,2,0,0.083,0.408,368,74,4,0.201,0.579,0,0,0,0,0,0,0.166,0.138,0.182,68,410
605141,Mookie Betts,119,28,9,1,4,2,5,0.321,1.031,55,18,4,0.327,1.086,476,123,23,0.258,0.781,1,3,5,15,29,10,0.107,0.062,0.071,56,523
669743,Alex Call,119,9,0,0,0,1,1,0.0,0.1,23,2,0,0.087,0.352,161,37,1,0.23,0.624,0,0,0,0,0,0,0.19,0.222,0.214,35,184
682985,Riley Greene,116,24,6,1,2,5,6,0.25,0.858,53,18,2,0.34,0.964,507,143,21,0.282,0.847,0,1,3,9,14,5,0.266,0.2,0.188,154,578
571771,Enrique Hernández,119,17,4,1,2,4,0,0.235,0.706,37,9,2,0.243,0.741,88,20,4,0.227,0.686,1,1,3,6,10,7,0.298,0.282,0.262,28,94
518692,Freddie Freeman,119,30,6,0,3,9,0,0.2,0.4,58,11,0,0.19,0.407,576,167,16,0.29,0.795,0,0,6,11,11,6,0.179,0.267,0.266,115,642
687221,Dalton Rushing,119,12,1,1,3,8,0,0.083,0.416,32,9,2,0.281,0.812,222,55,12,0.248,0.782,0,1,0,6,10,0,0.302,0.406,0.472,74,245
669242,Tommy Edman,119,24,5,2,7,6,1,0.208,0.698,47,6,2,0.128,0.451,288,70,8,0.243,0.672,2,2,4,6,12,10,0.217,0.216,0.218,67,309
686555,Isaac Collins,118,18,0,0,0,10,1,0.0,0.053,35,3,0,0.086,0.352,439,93,6,0.212,0.632,0,0,0,1,1,0,0.239,0.357,0.372,120,502
663656,Kyle Tucker,119,23,5,0,0,3,2,0.217,0.497,47,13,3,0.277,0.893,535,125,17,0.234,0.718,0,2,4,12,20,4,0.171,0.109,0.103,105,613
677951,Bobby Witt Jr.,118,29,12,0,0,4,1,0.414,0.95,54,16,0,0.296,0.729,554,157,18,0.283,0.805,0,0,8,13,16,11,0.174,0.197,0.185,108,621
571912,Luke Maile,118,13,2,0,0,3,3,0.154,0.543,31,5,0,0.161,0.461,41,7,1,0.171,0.537,0,0,2,2,3,3,0.311,0.324,0.316,14,45
664728,Kyle Isbel,118,16,4,0,0,6,0,0.25,0.5,36,7,0,0.194,0.388,290,64,6,0.221,0.58,0,0,3,4,4,3,0.239,0.278,0.275,73,305
571970,Max Muncy,119,24,5,1,3,5,0,0.208,0.625,49,11,2,0.224,0.648,485,121,29,0.249,0.823,0,1,2,7,13,2,0.255,0.26,0.291,140,548
660271,Shohei Ohtani,119,27,5,0,1,14,4,0.185,0.512,57,9,0,0.158,0.466,520,143,30,0.275,0.886,0,0,4,6,7,5,0.253,0.381,0.382,152,601
683090,Matthew Lugo,118,11,1,0,0,4,1,0.091,0.258,14,2,0,0.143,0.343,14,2,0,0.143,0.343,0,0,1,2,2,1,0.4,0.4,0.4,6,15
670231,John Rave,118,25,7,0,0,8,2,0.28,0.653,42,10,1,0.238,0.69,142,33,6,0.232,0.744,0,1,5,9,14,6,0.239,0.271,0.294,38,159
500743,Miguel Rojas,119,17,5,1,3,1,1,0.294,0.862,30,8,1,0.267,0.745,223,60,4,0.269,0.71,0,1,3,6,10,4,0.109,0.062,0.088,26,238
695670,Harry Ford,120,12,2,0,0,5,2,0.167,0.453,31,5,0,0.161,0.51,97,18,3,0.186,0.641,0,0,1,3,4,1,0.248,0.211,0.19,28,113
686681,Michael Massey,118,29,5,0,3,5,0,0.172,0.379,56,13,2,0.232,0.589,423,115,13,0.272,0.734,0,2,5,9,16,6,0.169,0.179,0.183,75,444
668942,Josh Rojas,118,14,1,0,1,1,1,0.071,0.204,33,7,1,0.212,0.59,105,24,2,0.229,0.588,0,0,1,3,3,1,0.145,0.143,0.154,16,110
672580,Maikel Garcia,118,22,6,0,6,2,5,0.273,0.771,49,13,0,0.265,0.733,308,82,3,0.266,0.711,0,0,5,9,14,6,0.148,0.109,0.105,50,338
686475,Tyler Tolbert,118,10,2,0,0,4,0,0.2,0.4,16,4,0,0.25,0.544,126,37,3,0.294,0.76,0,0,1,2,2,1,0.21,0.353,0.353,29,138
694673,Abimelec Ortiz,120,15,0,0,1,4,1,0.0,0.062,32,4,0,0.125,0.364,128,24,5,0.188,0.574,0,0,0,2,3,0,0.267,0.353,0.361,36,135
665953,Andrés Chaparro,120,19,6,1,1,5,3,0.316,0.935,39,11,2,0.282,0.836,194,50,11,0.258,0.837,0,1,4,8,12,4,0.242,0.302,0.271,53,219
695506,Jac Caglianone,118,26,12,0,5,5,3,0.462,1.132,43,15,0,0.349,0.856,508,146,23,0.287,0.823,0,0,10,12,16,14,0.264,0.261,0.275,143,541
521692,Salvador Perez,118,23,7,2,5,5,2,0.304,0.969,47,11,2,0.234,0.663,577,132,21,0.229,0.644,2,2,5,7,14,12,0.198,0.18,0.167,119,602
669257,Will Smith,119,23,10,3,4,4,4,0.435,1.345,45,16,4,0.356,1.142,235,61,10,0.26,0.779,1,3,6,13,24,9,0.167,0.151,0.151,45,269
695600,Carter Jensen,118,29,9,3,6,11,1,0.31,1.023,54,18,5,0.333,1.101,527,126,27,0.239,0.79,2,3,8,13,26,16,0.287,0.293,0.302,170,592
686611,Dylan Crews,120,26,5,1,2,6,3,0.192,0.584,51,11,2,0.216,0.606,400,89,13,0.223,0.649,1,2,4,8,14,7,0.247,0.2,0.203,106,430
696285,Jacob Young,120,19,6,0,2,2,1,0.316,0.771,39,11,0,0.282,0.659,417,105,10,0.252,0.698,0,0,5,8,11,6,0.171,0.15,0.143,77,450
686469,Vinnie Pasquantino,118,25,9,2,10,4,1,0.36,1.065,49,14,4,0.286,0.919,417,103,15,0.247,0.741,1,4,6,12,26,11,0.16,0.192,0.179,75,468
695578,James Wood,120,28,8,0,1,11,2,0.286,0.619,50,14,0,0.28,0.668,510,136,30,0.267,0.894,0,0,6,9,10,6,0.29,0.316,0.328,177,611
695734,Daylen Lile,120,26,5,1,3,5,0,0.192,0.538,48,10,2,0.208,0.636,598,148,22,0.247,0.726,0,2,2,8,15,2,0.197,0.16,0.185,126,638
682928,CJ Abrams,120,25,5,3,8,7,4,0.2,0.87,53,13,3,0.245,0.801,575,150,33,0.261,0.824,2,3,4,9,20,10,0.25,0.224,0.226,158,632
665506,Cristian Pache,121,2,1,0,0,0,0,0.5,1.0,8,1,0,0.125,0.25,8,1,0,0.125,0.25,0,0,1,1,1,1,0.5,0.5,0.5,4,8
683146,Brett Baty,121,15,7,1,6,2,2,0.467,1.262,32,12,1,0.375,1.005,416,99,11,0.238,0.686,1,1,4,9,13,8,0.267,0.158,0.146,123,460
691002,Yohandy Morales,120,17,3,2,6,6,0,0.176,0.764,37,7,3,0.189,0.675,47,12,4,0.255,0.851,2,2,2,6,14,8,0.319,0.297,0.308,15,47
805999,A.J. Ewing,121,23,6,1,3,6,3,0.261,0.737,48,12,2,0.25,0.708,433,110,11,0.254,0.703,1,1,3,9,12,6,0.259,0.278,0.259,124,478
677588,José Tena,120,11,1,0,2,6,1,0.091,0.349,26,3,0,0.115,0.399,257,57,7,0.222,0.666,0,0,1,2,3,2,0.317,0.31,0.364,90,284
683083,Nasim Nuñez,120,14,2,0,1,3,2,0.143,0.393,23,3,0,0.13,0.389,427,89,1,0.208,0.531,0,0,1,3,3,1,0.208,0.185,0.185,99,476
666624,Christopher Morel,121,16,3,1,4,4,0,0.188,0.626,30,6,1,0.2,0.583,98,17,1,0.173,0.466,1,1,3,5,9,7,0.337,0.219,0.222,35,104
691781,Brady House,120,20,7,0,1,6,3,0.35,0.885,37,10,0,0.27,0.75,317,78,10,0.246,0.704,0,0,6,8,11,7,0.264,0.186,0.213,91,345
660688,Keibert Ruiz,120,19,3,0,1,1,0,0.158,0.316,38,10,1,0.263,0.658,332,93,10,0.28,0.756,0,0,2,7,8,2,0.106,0.053,0.051,37,348
703492,Nick Morabito,121,15,3,0,0,6,0,0.2,0.467,30,8,0,0.267,0.666,41,8,0,0.195,0.494,0,0,2,6,7,3,0.364,0.212,0.27,16,44
596019,Francisco Lindor,121,31,4,0,1,8,3,0.129,0.367,60,11,2,0.183,0.602,414,92,20,0.222,0.713,0,0,4,7,9,5,0.207,0.254,0.25,95,459
677595,Ronny Mauricio,121,16,3,2,4,5,1,0.188,0.797,42,7,3,0.167,0.591,56,11,3,0.196,0.586,2,2,3,5,12,9,0.333,0.326,0.326,19,57
543760,Marcus Semien,121,26,3,1,1,3,3,0.115,0.438,53,9,1,0.17,0.499,490,105,15,0.214,0.619,1,1,1,6,10,4,0.193,0.085,0.078,103,535
701807,Carson Benge,121,28,12,2,5,5,4,0.429,1.25,57,20,4,0.351,1.017,590,165,20,0.28,0.765,1,2,8,15,24,14,0.219,0.177,0.182,140,640
678391,Jorbit Vivas,120,21,4,0,1,3,3,0.19,0.482,41,10,0,0.244,0.628,311,74,3,0.238,0.649,0,0,0,6,6,0,0.151,0.244,0.224,53,352
620443,Luis Torrens,121,19,4,1,4,7,0,0.211,0.632,39,9,1,0.231,0.609,252,60,9,0.238,0.687,0,1,2,7,12,2,0.216,0.35,0.326,58,269
543877,Christian Vázquez,117,17,2,0,0,4,0,0.118,0.236,36,6,2,0.167,0.544,242,50,7,0.207,0.584,0,0,2,3,3,2,0.204,0.289,0.268,53,260
665742,Juan Soto,121,27,9,1,4,5,5,0.333,0.882,55,17,3,0.309,0.915,395,110,27,0.278,0.919,1,2,7,12,19,10,0.137,0.156,0.174,65,473
676369,Nelson Velázquez,117,7,1,1,1,3,1,0.143,0.821,21,3,2,0.143,0.646,101,19,6,0.188,0.661,0,1,0,2,5,0,0.345,0.478,0.48,38,110
682626,Francisco Alvarez,121,26,8,1,6,8,1,0.308,0.833,53,12,1,0.226,0.589,373,87,16,0.233,0.705,0,1,6,10,15,8,0.313,0.339,0.317,129,412
666182,Bo Bichette,121,28,6,2,4,6,5,0.214,0.797,60,13,2,0.217,0.61,633,165,18,0.261,0.706,1,2,4,9,16,8,0.185,0.2,0.203,126,682
670623,Isaac Paredes,117,26,9,4,6,3,5,0.346,1.298,51,15,6,0.294,1.065,559,147,25,0.263,0.794,3,4,7,12,25,17,0.14,0.155,0.161,88,629
572233,Christian Walker,117,27,8,3,6,7,2,0.296,1.012,51,9,3,0.176,0.595,568,127,28,0.224,0.706,3,3,6,8,18,16,0.238,0.259,0.241,147,617
828599,Lucas Spence,117,17,6,4,8,7,1,0.353,1.507,39,8,4,0.205,0.808,53,11,4,0.208,0.735,4,4,5,6,19,18,0.386,0.439,0.4,22,57
665161,Jeremy Peña,117,29,8,2,4,9,0,0.276,0.828,55,17,5,0.309,0.957,442,122,22,0.276,0.79,2,3,6,13,25,12,0.245,0.321,0.333,114,466
673237,Yainer Diaz,117,31,11,2,6,4,0,0.355,1.032,52,19,3,0.365,1.004,339,96,14,0.283,0.765,1,3,8,14,27,14,0.16,0.13,0.161,56,351
668901,Mark Vientos,121,22,4,0,2,6,1,0.182,0.49,37,8,2,0.216,0.707,274,58,13,0.212,0.647,0,0,2,4,6,4,0.246,0.25,0.25,71,289
670541,Yordan Alvarez,117,28,11,2,6,4,4,0.393,1.148,49,18,4,0.367,1.189,563,178,42,0.316,1.031,2,3,8,15,28,16,0.177,0.153,0.156,119,672
701358,Cam Smith,117,25,3,1,1,12,4,0.12,0.521,48,6,2,0.125,0.479,506,105,21,0.208,0.659,1,1,3,3,7,7,0.268,0.358,0.333,147,549
669397,Nick Allen,117,8,2,0,0,2,0,0.25,0.625,13,4,1,0.308,0.972,144,40,3,0.278,0.707,0,1,2,4,8,3,0.208,0.143,0.143,32,154
678489,Jorge Barrosa,117,10,1,0,0,4,3,0.1,0.508,12,2,0,0.167,0.583,144,28,2,0.194,0.613,0,0,0,2,3,0,0.286,0.267,0.312,46,161
664774,LaMonte Wade Jr.,117,14,3,1,1,3,1,0.214,0.767,26,5,1,0.192,0.568,126,26,4,0.206,0.659,1,1,3,4,8,7,0.248,0.259,0.276,36,145
666211,Taylor Trammell,117,17,1,1,1,9,3,0.059,0.435,38,5,1,0.132,0.513,252,49,8,0.194,0.62,0,1,0,2,5,0,0.321,0.386,0.383,90,280
514888,Jose Altuve,117,29,11,1,5,7,1,0.379,0.883,56,16,1,0.286,0.685,519,130,16,0.25,0.702,0,1,6,14,18,6,0.202,0.172,0.161,113,560
