pitcher_id,ERA,HR_allowed,H_allowed,K,IP,WHIP,K9,GS,H_per_G,hand,name,W,L,BB,BF,K_pct,BF_per_GS,GP,is_reliever,l5_k_pct,l5_era,bf_mean,bf_std,pit_per_bf,l5_ks,l5_bf,k_trend
669358,4.11,15,179,154,179.2,1.35,7.7,31,5.8,R,Shane Baz,6,15,63,769,0.2,24.8,31,False,0.153,4.72,24.3,2.8,3.93,19.0,124.0,-0.047
663567,3.87,17,134,153,153.2,1.26,9.0,28,4.8,R,Peter Lambert,8,10,59,656,0.233,23.4,28,False,0.216,3.93,23.6,2.5,4.04,27.0,125.0,-0.017
669467,3.61,11,146,106,157.0,1.24,6.1,28,5.2,R,Andre Pallante,12,8,49,654,0.162,23.4,28,False,0.122,4.33,23.1,3.0,3.87,14.0,115.0,-0.04
693313,4.70,6,31,22,30.2,1.53,6.6,0,0.0,R,Carson Seymour,0,2,16,137,0.161,0.0,24,True,0.067,9.0,15.0,0.0,3.77,1.0,15.0,-0.094
607259,2.94,22,164,108,177.1,1.07,5.5,30,5.5,R,Nick Martinez,15,5,25,706,0.153,23.5,30,False,0.186,3.08,23.3,4.1,3.98,21.0,113.0,0.033
663738,4.13,9,66,54,80.2,1.14,6.1,9,7.3,L,Daniel Lynch IV,6,6,26,334,0.162,37.1,55,True,0.111,7.33,18.7,3.6,3.85,11.0,99.0,-0.051
647336,3.31,9,94,110,111.1,1.09,8.9,20,4.7,R,Michael Soroka,9,5,27,454,0.242,22.7,21,False,0.262,4.81,21.7,3.5,4.12,27.0,103.0,0.02
695684,5.40,2,26,21,26.2,1.58,7.2,6,4.3,R,Elmer Rodríguez,0,3,16,125,0.168,20.8,6,False,0.171,5.86,20.8,1.8,3.96,18.0,105.0,0.003
453286,6.14,15,72,61,77.2,1.36,7.1,17,4.2,R,Max Scherzer,3,9,34,337,0.181,19.8,17,False,0.223,4.63,22.0,1.4,4.05,25.0,112.0,0.042
800048,2.55,17,143,191,183.1,1.04,9.4,31,4.6,L,Parker Messick,12,9,48,731,0.261,23.6,31,False,0.294,2.88,23.5,2.6,4.18,35.0,119.0,0.033
687792,9.00,1,5,4,4.0,1.75,9.0,1,5.0,L,DJ Herz,0,1,2,19,0.211,19.0,1,False,0.211,9.0,19.0,0.0,4.03,4.0,19.0,0.0
689981,0.00,0,2,3,3.0,1.00,9.0,1,2.0,R,River Ryan,0,0,1,12,0.25,12.0,1,False,0.25,0.0,12.0,0.0,4.1,3.0,12.0,0.0
640455,4.67,23,145,141,144.2,1.30,8.8,18,8.1,L,Sean Manaea,6,7,43,627,0.225,34.8,32,False,0.198,6.45,25.0,3.3,4.01,24.0,121.0,-0.027
694819,1.86,14,94,247,169.1,0.80,13.1,29,3.2,R,Jacob Misiorowski,15,5,42,646,0.382,22.3,29,False,0.323,2.99,20.7,4.4,4.23,31.0,96.0,-0.059
579328,4.88,7,68,60,62.2,1.55,8.7,13,5.2,L,Yusei Kikuchi,1,6,29,282,0.213,21.7,13,False,0.197,3.09,22.5,2.2,4.0,23.0,117.0,-0.016
665152,4.97,17,71,82,83.1,1.20,8.9,16,4.4,R,Dean Kremer,4,5,29,341,0.24,21.3,16,False,0.235,4.46,21.1,1.5,4.07,24.0,102.0,-0.005
686751,6.19,5,36,38,32.0,1.69,10.7,0,0.0,R,Seth Johnson,1,0,18,150,0.253,0.0,27,True,,,,,,,,
607536,6.58,27,170,106,131.1,1.52,7.3,25,6.8,L,Kyle Freeland,4,11,29,593,0.179,23.7,25,False,0.121,5.65,23.8,4.7,3.87,13.0,107.0,-0.058
702275,4.79,12,58,66,67.2,1.46,8.8,10,5.8,R,JR Ritchie,1,4,41,300,0.22,30.0,16,False,0.24,5.71,19.5,3.3,4.08,23.0,96.0,0.02
554430,3.06,20,118,188,156.0,1.06,10.8,27,4.4,R,Zack Wheeler,13,5,47,622,0.302,23.0,27,False,0.325,1.73,23.5,3.5,4.24,40.0,123.0,0.023
641743,4.53,21,156,125,153.0,1.37,7.4,30,5.2,L,Anthony Kay,9,9,54,689,0.181,23.0,32,False,0.168,7.54,22.2,2.9,3.95,17.0,101.0,-0.013
669022,4.59,19,159,174,170.2,1.34,9.2,33,4.8,L,MacKenzie Gore,8,11,70,741,0.235,22.5,33,False,0.088,5.97,21.8,3.1,3.81,9.0,102.0,-0.147
669302,3.81,29,153,197,182.0,1.10,9.7,31,4.9,R,Logan Gilbert,12,11,48,737,0.267,23.8,31,False,0.289,6.53,24.1,2.0,4.17,35.0,121.0,0.022
681190,4.01,16,138,85,134.2,1.30,5.7,22,6.3,R,Randy Vásquez,10,6,37,566,0.15,25.7,31,False,0.139,3.44,18.5,3.6,3.9,14.0,101.0,-0.011
683003,3.87,12,78,118,97.2,1.12,10.9,20,3.9,R,Jared Jones,5,6,31,402,0.294,20.1,20,False,0.363,1.85,21.8,1.6,4.3,41.0,113.0,0.069
676083,4.31,14,124,84,119.0,1.31,6.4,24,5.2,R,Janson Junk,6,9,32,505,0.166,21.0,25,False,0.182,4.9,18.6,3.2,3.98,16.0,88.0,0.016
682227,4.89,8,43,33,49.2,1.41,6.0,8,5.4,L,Brandon Williamson,5,4,27,215,0.153,26.9,11,False,0.179,4.46,20.7,3.7,3.97,17.0,95.0,0.026
