player_id,vl_avg,vl_hr,vl_h,vl_ops,vl_ab,vr_avg,vr_hr,vr_h,vr_ops,vr_ab
669357,.186,1.0,8.0,.513,43.0,.187,8,41,.603,219
693409,.000,0.0,0.0,.000,3.0,.065,0,2,.159,31
691023,.277,9.0,43.0,.863,155.0,.269,20,121,.776,450
701675,.232,2.0,22.0,.608,95.0,.254,8,85,.675,335
676475,.212,3.0,41.0,.549,193.0,.311,23,128,.939,412
547180,.222,4.0,50.0,.657,225.0,.300,24,104,.996,347
671056,.261,7.0,46.0,.826,176.0,.235,12,100,.699,426
663494,.185,0.0,5.0,.475,27.0,.237,4,33,.672,139
699024,.250,0.0,7.0,.562,28.0,.292,4,19,.841,65
691026,.268,1.0,33.0,.714,123.0,.219,4,76,.594,347
686780,.205,0.0,18.0,.502,88.0,.220,4,22,.636,100
664761,.292,7.0,52.0,.816,178.0,.230,8,89,.644,387
665877,.269,4.0,39.0,.745,145.0,.236,2,42,.611,178
802139,.227,6.0,44.0,.654,194.0,.251,11,86,.732,343
650559,.222,1.0,8.0,.623,36.0,.333,1,13,.891,39
656537,.250,8.0,32.0,.781,128.0,.225,3,16,.647,71
687363,.263,1.0,15.0,.611,57.0,.156,1,17,.478,109
669016,.223,3.0,27.0,.613,121.0,.272,15,109,.746,401
695336,.222,3.0,10.0,.800,45.0,.239,1,27,.589,113
624641,.290,6.0,36.0,.835,124.0,.184,2,19,.509,103
656941,.260,15.0,56.0,.896,215.0,.213,30,77,.828,362
596117,.143,0.0,1.0,.393,7.0,.154,0,8,.365,52
650333,.314,1.0,61.0,.764,194.0,.308,5,124,.765,402
702222,.237,1.0,14.0,.613,59.0,.268,2,97,.672,362
668804,.276,7.0,58.0,.807,210.0,.253,10,97,.779,384
694378,.259,0.0,7.0,.801,27.0,.218,7,39,.617,179
680779,.141,3.0,12.0,.426,85.0,.187,7,32,.658,171
592663,.192,2.0,20.0,.562,104.0,.209,9,64,.629,306
664040,.223,8.0,43.0,.648,193.0,.279,27,109,.910,391
681082,.266,2.0,34.0,.738,128.0,.247,8,100,.720,405
665561,.103,1.0,3.0,.340,29.0,.097,1,6,.283,62
695257,.161,0.0,5.0,.446,31.0,.190,0,4,.417,21
607208,.219,3.0,46.0,.607,210.0,.251,16,108,.707,430
663968,.264,2.0,32.0,.678,121.0,.277,3,86,.694,311
804606,.325,1.0,27.0,.832,83.0,.249,4,56,.672,225
669707,.273,1.0,36.0,.662,132.0,.215,2,41,.577,191
682927,.273,1.0,6.0,.713,22.0,.256,0,10,.643,39
693304,.274,1.0,48.0,.681,175.0,.315,5,117,.788,372
804668,.275,6.0,19.0,.924,69.0,.267,5,20,.841,75
695391,.167,0.0,4.0,.536,24.0,.105,0,2,.295,19
668800,.170,1.0,8.0,.497,47.0,.308,1,8,.900,26
665833,.326,4.0,42.0,.847,129.0,.255,16,61,.858,239
687462,.224,1.0,17.0,.596,76.0,.252,9,77,.739,306
815589,.500,0.0,5.0,1.000,10.0,.167,0,1,.417,6
656811,.217,4.0,28.0,.620,129.0,.291,14,80,.847,275
683766,.194,4.0,12.0,.622,62.0,.234,0,32,.551,137
691785,.381,2.0,8.0,1.153,21.0,.190,1,37,.509,195
806956,.143,0.0,1.0,.286,7.0,.281,2,9,.834,32
687551,.068,0.0,3.0,.214,44.0,.265,11,78,.802,294
701852,.200,0.0,3.0,.561,15.0,.240,1,30,.630,125
694376,.227,1.0,10.0,.545,44.0,.186,3,13,.573,70
814154,.273,0.0,3.0,.637,11.0,.133,0,2,.321,15
813841,.238,3.0,19.0,.724,80.0,.284,1,19,.672,67
682674,.266,2.0,17.0,.715,64.0,.196,3,9,.620,46
665487,.309,9.0,43.0,.987,139.0,.283,16,138,.782,487
823550,.111,0.0,1.0,.293,9.0,.202,1,24,.562,119
678545,.115,1.0,6.0,.406,52.0,.260,4,20,.748,77
687957,.250,0.0,4.0,.631,16.0,.295,0,33,.749,112
666023,.162,2.0,11.0,.513,68.0,.213,2,34,.604,160
687529,.238,0.0,5.0,.619,21.0,.109,2,6,.495,55
630105,.250,1.0,21.0,.618,84.0,.220,6,64,.630,291
669720,.380,2.0,19.0,.956,50.0,.152,1,7,.387,46
657757,.169,0.0,11.0,.454,65.0,.220,16,65,.753,296
669134,.283,2.0,13.0,.812,46.0,.263,6,44,.796,167
664034,.288,5.0,34.0,.853,118.0,.296,16,94,.866,318
683227,.300,1.0,12.0,.803,40.0,.205,0,9,.498,44
687749,.188,2.0,9.0,.616,48.0,.111,0,5,.278,45
806367,.167,0.0,6.0,.460,36.0,.254,1,17,.723,67
593428,.245,1.0,34.0,.644,139.0,.226,12,86,.687,381
553869,.247,6.0,24.0,.777,97.0,.217,1,26,.548,120
669392,.319,0.0,15.0,.764,47.0,.314,2,32,.815,102
701538,.280,6.0,49.0,.742,175.0,.244,20,107,.744,438
592518,.229,5.0,32.0,.700,140.0,.213,25,95,.713,447
696030,.311,0.0,14.0,.678,45.0,.248,1,39,.654,157
694497,.134,0.0,9.0,.328,67.0,.207,9,67,.659,323
679822,.326,8.0,47.0,.988,144.0,.175,3,14,.512,80
608369,.252,7.0,33.0,.785,131.0,.213,12,53,.703,249
607043,.326,5.0,61.0,.844,187.0,.229,9,92,.677,402
643376,.167,2.0,9.0,.601,54.0,.214,5,30,.685,140
680737,.200,1.0,3.0,.655,15.0,.133,0,2,.411,15
681351,.284,0.0,23.0,.655,81.0,.188,4,32,.541,170
694671,.222,4.0,30.0,.686,135.0,.246,13,67,.792,272
669394,.265,12.0,40.0,.891,151.0,.217,16,87,.665,401
670032,.235,0.0,12.0,.494,51.0,.277,1,51,.669,184
677649,.290,4.0,40.0,.828,138.0,.252,13,100,.714,397
641487,.230,3.0,29.0,.675,126.0,.216,11,61,.691,283
663728,.167,9.0,27.0,.621,162.0,.183,14,52,.680,284
686527,.267,5.0,31.0,.847,116.0,.263,18,94,.811,357
642215,.192,3.0,20.0,.561,104.0,.232,1,13,.677,56
677594,.225,8.0,41.0,.690,182.0,.259,14,106,.725,409
702284,.221,3.0,43.0,.588,195.0,.258,14,98,.743,380
621493,.222,4.0,35.0,.698,158.0,.226,3,77,.658,340
640902,.346,1.0,9.0,.938,26.0,.262,1,16,.619,61
703197,.353,0.0,6.0,.841,17.0,.353,1,6,1.009,17
668227,.310,11.0,52.0,.961,168.0,.269,15,108,.822,401
703155,.067,0.0,1.0,.134,15.0,.270,4,10,1.035,37
647304,.277,3.0,57.0,.677,206.0,.253,7,98,.662,387
675961,.295,2.0,28.0,.811,95.0,.250,2,30,.675,120
660844,.050,0.0,2.0,.249,40.0,.195,0,16,.550,82
661531,.206,2.0,7.0,.618,34.0,.159,3,7,.593,44
672016,.182,0.0,6.0,.462,33.0,.122,0,5,.339,41
622268,.118,1.0,2.0,.461,17.0,.275,8,58,.840,211
669127,.322,9.0,39.0,1.000,121.0,.236,14,71,.719,301
683021,.350,0.0,7.0,.809,20.0,.333,0,2,.666,6
811965,.355,1.0,11.0,.903,31.0,.389,0,14,.936,36
703520,.268,0.0,15.0,.650,56.0,.357,2,35,.916,98
645302,.289,0.0,13.0,.683,45.0,.239,0,21,.593,88
641680,.267,10.0,39.0,.855,146.0,.160,3,34,.471,212
643446,.237,0.0,23.0,.593,97.0,.273,9,103,.710,377
666126,.318,0.0,7.0,.757,22.0,.248,10,79,.715,319
703607,.275,7.0,36.0,.822,131.0,.282,4,79,.747,280
672386,.306,2.0,26.0,.792,85.0,.266,8,51,.755,192
678218,.182,2.0,12.0,.589,66.0,.240,6,41,.702,171
680869,.286,7.0,30.0,.885,105.0,.249,15,71,.774,285
671732,.231,4.0,30.0,.684,130.0,.237,13,80,.730,338
543807,.209,4.0,29.0,.649,139.0,.265,11,85,.754,321
665926,.233,3.0,31.0,.628,133.0,.249,6,83,.660,333
815873,.000,0.0,0.0,.333,2.0,.211,2,12,.597,57
676391,.243,4.0,46.0,.629,189.0,.269,5,107,.664,398
695720,.303,0.0,20.0,.627,66.0,.231,3,28,.595,121
676914,.111,2.0,7.0,.551,63.0,.190,3,11,.723,58
669701,.100,0.0,3.0,.229,30.0,.221,6,40,.675,181
807727,.288,1.0,15.0,.730,52.0,.214,1,9,.583,42
664770,.213,1.0,16.0,.582,75.0,.291,9,97,.744,333
665489,.282,4.0,37.0,.803,131.0,.253,5,104,.650,411
664702,.235,2.0,36.0,.644,153.0,.252,1,35,.661,139
672960,.252,10.0,37.0,.861,147.0,.227,23,95,.730,419
642708,.208,5.0,31.0,.606,149.0,.295,5,23,.833,78
665862,.218,5.0,32.0,.650,147.0,.238,14,77,.738,324
806146,.269,2.0,7.0,.910,26.0,.230,5,29,.655,126
683011,.256,1.0,23.0,.687,90.0,.238,1,31,.637,130
682987,.389,3.0,21.0,1.108,54.0,.208,8,43,.646,207
669224,.122,3.0,11.0,.436,90.0,.209,11,51,.691,244
700250,.246,11.0,49.0,.773,199.0,.273,30,102,.961,374
641355,.274,5.0,49.0,.755,179.0,.259,12,82,.775,317
641857,.193,0.0,11.0,.509,57.0,.218,11,59,.662,271
676609,.228,4.0,31.0,.632,136.0,.233,10,64,.666,275
645305,.268,1.0,11.0,.676,41.0,.222,0,10,.487,45
663604,.233,0.0,10.0,.592,43.0,.310,0,18,.737,58
502671,.299,11.0,47.0,.966,157.0,.213,7,40,.590,188
694192,.336,9.0,51.0,.985,152.0,.268,16,98,.768,366
666310,.286,0.0,4.0,.715,14.0,.130,3,10,.449,77
668930,.217,3.0,38.0,.622,175.0,.290,18,117,.902,403
666152,.229,1.0,16.0,.589,70.0,.248,3,66,.666,266
671218,.297,4.0,30.0,.908,101.0,.228,9,69,.651,303
669003,.236,1.0,25.0,.674,106.0,.270,10,95,.799,352
800325,.235,0.0,16.0,.587,68.0,.252,1,31,.662,123
687401,.243,2.0,33.0,.664,136.0,.285,7,67,.768,235
686217,.207,1.0,18.0,.547,87.0,.241,3,60,.644,249
671277,.244,3.0,20.0,.653,82.0,.283,27,123,.865,434
641343,.269,8.0,36.0,.907,134.0,.265,18,90,.864,339
592885,.212,2.0,25.0,.610,118.0,.244,10,78,.725,320
806198,.207,1.0,12.0,.572,58.0,.307,2,51,.775,166
655316,.237,5.0,27.0,.785,114.0,.235,1,46,.605,196
596142,.238,5.0,24.0,.802,101.0,.183,6,22,.730,120
678882,.275,5.0,39.0,.808,142.0,.285,11,113,.743,397
661388,.272,4.0,43.0,.760,158.0,.270,14,110,.757,408
668939,.219,3.0,28.0,.615,128.0,.252,9,59,.792,234
643396,.146,1.0,7.0,.463,48.0,.283,1,32,.706,113
596115,.250,1.0,17.0,.635,68.0,.232,4,42,.618,181
681508,.083,0.0,2.0,.268,24.0,.275,10,46,.902,167
663330,.224,6.0,30.0,.747,134.0,.125,0,3,.250,24
575929,.282,8.0,33.0,.981,117.0,.274,19,90,.878,329
702332,.237,4.0,33.0,.697,139.0,.252,9,92,.718,365
686765,.288,2.0,19.0,.799,66.0,.241,3,41,.696,170
680776,.230,2.0,29.0,.612,126.0,.201,18,85,.635,423
701350,.240,1.0,18.0,.603,75.0,.252,4,34,.817,135
657136,.250,3.0,16.0,.710,64.0,.228,1,33,.635,145
665019,.233,5.0,34.0,.684,146.0,.241,22,92,.789,381
686797,.211,3.0,39.0,.580,185.0,.272,21,108,.800,397
701785,.286,1.0,12.0,.755,42.0,.271,2,19,.724,70
677800,.298,6.0,56.0,.860,188.0,.227,18,92,.737,406
691181,.214,0.0,3.0,.624,14.0,.161,2,5,.631,31
805346,.429,0.0,3.0,1.286,7.0,.071,0,1,.214,14
807712,.286,2.0,50.0,.748,175.0,.282,8,99,.797,351
605137,.275,6.0,53.0,.739,193.0,.244,14,91,.727,373
680777,.263,3.0,30.0,.799,114.0,.245,11,49,.806,200
668885,.234,2.0,32.0,.747,137.0,.228,1,37,.582,162
702176,.471,1.0,8.0,1.147,17.0,.242,0,15,.670,62
693306,.000,0.0,0.0,.000,3.0,.000,0,0,.000,3
668952,.196,4.0,19.0,.675,97.0,.233,4,34,.657,146
605170,.176,2.0,19.0,.544,108.0,.242,5,53,.667,219
668904,.244,4.0,32.0,.708,131.0,.216,10,71,.638,328
810938,.226,1.0,28.0,.590,124.0,.252,2,34,.655,135
668723,.272,7.0,41.0,.818,151.0,.207,4,19,.654,92
666018,.250,3.0,41.0,.678,164.0,.283,19,117,.835,414
670764,.203,1.0,27.0,.541,133.0,.233,1,55,.644,236
691406,.287,8.0,45.0,.916,157.0,.274,34,125,.875,457
650490,.264,8.0,47.0,.780,178.0,.305,14,133,.816,436
676356,.264,2.0,39.0,.666,148.0,.263,7,52,.739,198
683748,.333,2.0,20.0,.868,60.0,.234,12,40,.818,171
680700,.161,0.0,9.0,.486,56.0,.253,10,72,.755,285
622761,.200,2.0,17.0,.530,85.0,.202,3,24,.569,119
643217,.222,0.0,10.0,.499,45.0,.242,15,91,.741,376
695731,.122,1.0,11.0,.422,90.0,.266,5,61,.758,229
802415,.285,0.0,57.0,.633,200.0,.318,0,118,.718,371
805805,.056,0.0,1.0,.206,18.0,.258,4,16,.808,62
689414,.194,1.0,20.0,.509,103.0,.306,17,114,.874,372
686668,.253,4.0,22.0,.761,87.0,.218,1,26,.525,119
663743,.252,2.0,37.0,.676,147.0,.272,4,40,.702,147
691011,.129,1.0,4.0,.560,31.0,.144,6,21,.520,146
656775,.204,1.0,21.0,.565,103.0,.205,14,68,.649,332
682668,.223,1.0,23.0,.525,103.0,.231,1,24,.546,104
545341,.327,10.0,53.0,1.013,162.0,.220,4,22,.636,100
805367,.350,7.0,55.0,1.023,157.0,.247,9,101,.665,409
808959,.177,7.0,23.0,.718,130.0,.219,28,70,.869,320
502054,.095,1.0,2.0,.507,21.0,.200,0,1,.400,5
691019,.212,0.0,7.0,.575,33.0,.209,5,18,.744,86
803011,.221,0.0,21.0,.580,95.0,.288,8,110,.804,382
678246,.271,12.0,46.0,.926,170.0,.242,21,101,.801,418
671976,.182,1.0,10.0,.581,55.0,.278,11,106,.804,381
695681,.244,0.0,11.0,.603,45.0,.163,2,14,.496,86
672724,.232,5.0,29.0,.705,125.0,.222,2,47,.566,212
695657,.241,10.0,42.0,.791,174.0,.179,21,70,.645,390
624428,.250,0.0,4.0,.650,16.0,.239,1,27,.664,113
669326,.250,0.0,11.0,.578,44.0,.091,0,2,.291,22
687093,.266,3.0,41.0,.724,154.0,.230,10,61,.683,265
642350,.230,6.0,26.0,.738,113.0,.246,3,28,.649,114
694203,.188,6.0,18.0,.663,96.0,.235,2,43,.572,183
685133,.224,0.0,11.0,.554,49.0,.317,3,79,.806,249
680577,,,,,,1.000,0,1,2.000,1
666139,.180,0.0,9.0,.428,50.0,.214,12,55,.674,257
687263,.285,8.0,49.0,.865,172.0,.223,19,99,.730,444
518595,.195,1.0,8.0,.584,41.0,.114,0,4,.348,35
545361,.267,6.0,39.0,.831,146.0,.232,16,85,.792,367
676551,.250,0.0,2.0,.833,8.0,.259,0,7,.782,27
623168,.160,0.0,8.0,.336,50.0,.181,1,23,.485,127
694208,.250,0.0,14.0,.583,56.0,.209,9,54,.623,258
643289,.255,4.0,50.0,.675,196.0,.285,7,106,.732,372
663586,.230,3.0,37.0,.663,161.0,.216,16,87,.654,402
686948,.245,7.0,50.0,.695,204.0,.307,18,106,.888,345
642086,.147,0.0,5.0,.413,34.0,.270,9,63,.740,233
673490,.081,0.0,5.0,.249,62.0,.154,0,10,.445,65
671739,.286,8.0,60.0,.780,210.0,.299,18,114,.830,381
621566,.261,16.0,67.0,.824,257.0,.246,25,90,.828,366
571657,.273,0.0,3.0,.637,11.0,.200,0,1,.367,5
682177,.232,2.0,13.0,.721,56.0,.198,4,40,.554,202
694197,.184,1.0,7.0,.578,38.0,.224,1,19,.572,85
677587,.215,5.0,39.0,.619,181.0,.272,10,96,.749,353
660670,.226,5.0,28.0,.749,124.0,.268,15,76,.817,284
573262,.200,1.0,7.0,.614,35.0,.230,11,74,.704,322
645277,.272,8.0,66.0,.727,243.0,.216,14,80,.660,370
682657,.305,7.0,43.0,.854,141.0,.230,11,56,.711,244
800050,.323,3.0,53.0,.844,164.0,.269,13,89,.808,331
666176,.314,13.0,53.0,.947,169.0,.209,9,90,.590,431
680757,.229,0.0,39.0,.609,170.0,.306,3,113,.787,369
595978,.255,3.0,27.0,.761,106.0,.243,3,26,.654,107
681807,.174,5.0,21.0,.637,121.0,.237,3,14,.738,59
669221,.097,1.0,3.0,.370,31.0,.200,2,15,.610,75
608070,.287,5.0,41.0,.835,143.0,.212,7,70,.625,330
672275,.128,1.0,6.0,.459,47.0,.222,9,58,.639,261
683953,.190,2.0,27.0,.540,142.0,.274,13,83,.846,303
690984,.100,1.0,4.0,.315,40.0,.261,3,35,.681,134
667472,.268,4.0,34.0,.777,127.0,.248,4,41,.678,165
699302,.171,1.0,7.0,.415,41.0,.263,5,26,.813,99
553993,.181,6.0,19.0,.714,105.0,.222,20,73,.748,329
663993,.095,0.0,4.0,.271,42.0,.272,17,91,.825,335
668709,.200,6.0,27.0,.644,135.0,.220,18,72,.773,327
699115,.250,0.0,1.0,.500,4.0,.184,1,7,.578,38
624431,.205,0.0,8.0,.410,39.0,.221,5,25,.607,113
682829,.327,10.0,54.0,.996,165.0,.264,20,103,.835,390
682877,.390,2.0,16.0,1.043,41.0,.164,1,10,.485,61
663647,.172,1.0,10.0,.454,58.0,.130,4,22,.407,169
665828,.143,0.0,1.0,.429,7.0,.077,0,1,.154,13
680574,.243,6.0,26.0,.777,107.0,.168,9,55,.557,327
701398,.264,8.0,42.0,.802,159.0,.265,24,122,.789,460
677008,,,,,,.211,0,4,.474,19
691723,.322,16.0,47.0,1.105,146.0,.177,8,47,.567,266
665966,.159,0.0,11.0,.450,69.0,.162,3,29,.474,179
663886,.198,2.0,19.0,.655,96.0,.254,13,80,.748,315
676480,.000,0.0,0.0,.000,2.0,.250,0,1,.500,4
682663,.256,1.0,20.0,.755,78.0,.229,4,33,.641,144
687952,.290,7.0,20.0,1.010,69.0,.270,4,34,.743,126
677943,.000,0.0,0.0,.000,6.0,.273,0,3,.614,11
640459,.171,1.0,6.0,.554,35.0,.067,0,1,.243,15
681047,.167,0.0,4.0,.560,24.0,.192,0,5,.492,26
681297,.158,1.0,9.0,.445,57.0,.239,12,68,.734,284
665750,.193,1.0,28.0,.486,145.0,.232,7,66,.708,284
687637,.219,0.0,14.0,.537,64.0,.231,9,60,.715,260
669236,.227,2.0,20.0,.607,88.0,.212,8,40,.613,189
624413,.251,9.0,47.0,.769,187.0,.275,34,114,.935,415
691277,.190,0.0,4.0,.476,21.0,.059,0,1,.170,17
683002,.224,8.0,46.0,.719,205.0,.227,16,95,.712,418
677956,.071,0.0,2.0,.325,28.0,.200,0,7,.523,35
665052,.238,1.0,15.0,.575,63.0,.272,17,59,.914,217
691858,.118,0.0,2.0,.402,17.0,.222,0,2,.495,9
805300,.200,1.0,23.0,.655,115.0,.239,10,96,.721,401
650968,.292,0.0,7.0,.612,24.0,.222,1,8,.549,36
672640,.340,3.0,54.0,.852,159.0,.293,8,137,.765,468
665923,.216,4.0,22.0,.753,102.0,.213,2,23,.644,108
691788,.190,1.0,11.0,.497,58.0,.245,13,60,.730,245
688363,.125,0.0,1.0,.250,8.0,.215,4,28,.656,130
681715,.228,10.0,33.0,.801,145.0,.224,14,67,.717,299
691594,.326,4.0,47.0,.873,144.0,.284,7,89,.763,313
680728,.115,0.0,3.0,.230,26.0,.208,5,32,.612,154
663457,.122,1.0,5.0,.455,41.0,.258,7,62,.771,240
672695,.268,1.0,44.0,.710,164.0,.258,8,102,.761,395
543510,.236,0.0,13.0,.561,55.0,.309,7,30,.894,97
545121,.321,6.0,52.0,.847,162.0,.216,3,63,.580,291
682998,.308,6.0,56.0,.944,182.0,.207,16,82,.725,397
691783,.283,3.0,15.0,.854,53.0,.235,3,16,.723,68
606466,.307,9.0,43.0,.930,140.0,.230,13,96,.690,418
608324,.271,7.0,39.0,.850,144.0,.257,19,118,.782,460
656976,.143,0.0,1.0,.286,7.0,.194,3,19,.595,98
669364,.250,4.0,32.0,.706,128.0,.290,2,113,.738,390
699912,.250,0.0,16.0,.607,64.0,.259,3,36,.664,139
694374,.235,1.0,19.0,.646,81.0,.241,10,55,.708,228
669065,.214,2.0,21.0,.675,98.0,.246,19,86,.821,349
672515,.279,4.0,36.0,.780,129.0,.323,12,111,.909,344
683737,.244,7.0,42.0,.774,172.0,.242,13,103,.739,425
624424,.375,2.0,3.0,1.569,8.0,.233,13,60,.773,258
807713,.284,2.0,23.0,.853,81.0,.200,3,18,.640,90
571448,.271,10.0,38.0,.894,140.0,.249,20,97,.772,390
621020,.242,6.0,30.0,.747,124.0,.203,13,61,.676,301
608348,.298,6.0,36.0,.871,121.0,.239,4,62,.638,259
672356,.125,0.0,6.0,.285,48.0,.308,5,28,.856,91
814439,.284,0.0,21.0,.747,74.0,.244,3,43,.670,176
673548,.309,8.0,42.0,.966,136.0,.257,18,105,.797,409
663538,.255,3.0,41.0,.674,161.0,.267,5,124,.667,465
621438,.308,6.0,33.0,.909,107.0,.241,5,26,.741,108
665804,.258,1.0,16.0,.711,62.0,.221,5,33,.705,149
690924,.167,0.0,9.0,.474,54.0,.200,1,4,.670,20
691718,.280,11.0,56.0,.879,200.0,.278,34,118,.970,425
664023,.148,4.0,19.0,.494,128.0,.242,20,100,.819,413
664954,.246,0.0,15.0,.616,61.0,.217,7,34,.674,157
699393,.350,2.0,14.0,.984,40.0,.239,4,47,.661,197
681393,.239,1.0,26.0,.734,109.0,.243,6,53,.706,218
691182,.300,0.0,9.0,.749,30.0,.260,4,13,.899,50
678662,.197,4.0,30.0,.588,152.0,.229,9,71,.631,310
687597,.287,1.0,25.0,.739,87.0,.093,0,7,.320,75
665953,.231,7.0,28.0,.829,121.0,.301,4,22,.891,73
664983,.323,4.0,53.0,.906,164.0,.279,11,106,.773,380
691720,.286,5.0,40.0,.842,140.0,.236,8,63,.723,267
666160,.188,3.0,16.0,.573,85.0,.251,20,80,.807,319
691728,.111,0.0,1.0,.222,9.0,.250,3,15,.821,60
694249,.294,3.0,42.0,.773,143.0,.269,8,50,.841,186
681198,.275,4.0,47.0,.775,171.0,.311,12,117,.875,376
687859,.218,2.0,22.0,.584,101.0,.301,2,88,.803,292
694673,.200,0.0,2.0,.400,10.0,.186,5,22,.586,118
695670,.261,1.0,12.0,.817,46.0,.118,2,6,.492,51
682928,.238,8.0,45.0,.720,189.0,.272,25,105,.885,386
695734,.236,1.0,38.0,.599,161.0,.252,21,110,.778,437
686611,.262,6.0,33.0,.791,126.0,.204,7,56,.602,274
696100,.255,12.0,42.0,.854,165.0,.243,29,85,.836,350
691781,.357,4.0,35.0,.989,98.0,.196,6,43,.580,219
677588,.313,0.0,5.0,.950,16.0,.216,7,52,.652,241
678391,.239,0.0,11.0,.588,46.0,.238,3,63,.663,265
681624,.293,8.0,43.0,.902,147.0,.266,14,96,.766,361
571771,.176,2.0,9.0,.569,51.0,.297,2,11,.847,37
683083,.213,1.0,27.0,.580,127.0,.207,0,62,.512,300
660688,.298,3.0,28.0,.784,94.0,.273,7,65,.750,238
695578,.257,9.0,49.0,.802,191.0,.273,21,87,.947,319
669743,.290,1.0,18.0,.827,62.0,.192,0,19,.530,99
687221,.220,1.0,13.0,.659,59.0,.258,11,42,.844,163
691002,.238,1.0,5.0,.762,21.0,.269,3,7,.923,26
696285,.283,3.0,41.0,.784,145.0,.235,7,64,.669,272
669242,.226,4.0,21.0,.737,93.0,.251,4,49,.685,195
606192,.305,7.0,40.0,.914,131.0,.253,9,78,.700,308
571970,.254,7.0,30.0,.830,118.0,.248,22,91,.830,367
500743,.293,4.0,43.0,.809,147.0,.224,0,17,.509,76
695600,.237,4.0,36.0,.674,152.0,.240,23,90,.837,375
518692,.254,5.0,50.0,.683,197.0,.309,11,117,.854,379
669257,.176,2.0,12.0,.604,68.0,.293,8,49,.853,167
695506,.248,7.0,40.0,.709,161.0,.305,16,106,.887,347
663656,.248,5.0,41.0,.767,165.0,.227,12,84,.697,370
676439,.125,0.0,5.0,.321,40.0,.249,3,43,.701,173
668942,.211,1.0,4.0,.654,19.0,.233,1,20,.578,86
660271,.270,12.0,48.0,.875,178.0,.278,18,95,.898,342
686555,.201,2.0,27.0,.591,134.0,.216,4,66,.660,305
605141,.252,8.0,38.0,.775,151.0,.262,15,85,.786,325
677951,.301,4.0,44.0,.857,146.0,.277,14,113,.787,408
670231,.200,1.0,7.0,.614,35.0,.243,5,26,.785,107
683090,.000,0.0,0.0,.000,8.0,.333,0,2,.762,6
701162,.236,1.0,17.0,.680,72.0,.277,4,13,.914,47
521692,.264,4.0,42.0,.727,159.0,.215,17,90,.629,418
672580,.338,2.0,24.0,.906,71.0,.245,1,58,.650,237
686475,.254,1.0,18.0,.698,71.0,.345,2,19,.846,55
650402,.237,2.0,23.0,.785,97.0,.268,6,70,.702,261
571912,.214,1.0,6.0,.660,28.0,.077,0,1,.277,13
686681,.295,3.0,28.0,.786,95.0,.265,10,87,.715,328
664728,.141,1.0,10.0,.375,71.0,.247,5,54,.651,219
686469,.210,2.0,25.0,.603,119.0,.262,13,78,.799,298
814430,.000,0.0,0.0,1.000,0.0,.217,1,15,.609,69
693307,.208,4.0,36.0,.592,173.0,.259,23,98,.820,378
680664,.321,5.0,18.0,1.059,56.0,.362,2,25,.964,69
690291,,,,,,.250,0,2,.650,8
678489,.245,1.0,12.0,.796,49.0,.168,1,16,.524,95
679529,.247,3.0,38.0,.716,154.0,.224,23,83,.787,371
701358,.191,7.0,25.0,.670,131.0,.213,14,80,.664,375
595879,.263,2.0,15.0,.762,57.0,.231,1,30,.578,130
514888,.287,4.0,35.0,.799,122.0,.239,12,95,.673,397
682985,.252,6.0,39.0,.811,155.0,.295,15,104,.866,352
703601,.397,1.0,23.0,1.056,58.0,.220,2,26,.650,118
543877,.211,1.0,12.0,.579,57.0,.205,6,38,.584,185
701678,.265,4.0,36.0,.737,136.0,.268,6,51,.767,190
670623,.271,4.0,38.0,.784,140.0,.260,21,109,.817,419
656716,.147,0.0,11.0,.398,75.0,.215,4,63,.634,293
807726,.208,0.0,5.0,.477,24.0,.146,0,6,.465,41
673237,.300,2.0,27.0,.781,90.0,.277,12,69,.765,249
665161,.262,2.0,27.0,.684,103.0,.280,20,95,.838,339
572233,.212,6.0,25.0,.764,118.0,.227,22,102,.702,450
805808,.242,3.0,44.0,.659,182.0,.290,14,122,.858,420
669397,.308,1.0,12.0,.820,39.0,.267,2,28,.662,105
666182,.257,8.0,45.0,.790,175.0,.262,10,120,.672,458
701807,.268,6.0,45.0,.750,168.0,.284,14,120,.782,422
828599,.235,0.0,4.0,.572,17.0,.194,4,7,.831,36
665506,.250,0.0,1.0,.500,4.0,.000,0,0,.000,4
670541,.265,10.0,43.0,.821,162.0,.337,32,135,1.119,401
664774,.231,0.0,3.0,.718,13.0,.204,4,23,.653,113
666624,.163,0.0,7.0,.368,43.0,.182,1,10,.553,55
805999,.244,2.0,29.0,.672,119.0,.258,9,81,.716,314
666211,.111,0.0,4.0,.387,36.0,.208,8,45,.671,216
676369,.181,5.0,13.0,.690,72.0,.207,1,6,.595,29
620443,.234,4.0,18.0,.727,77.0,.240,5,42,.684,175
596019,.188,5.0,25.0,.613,133.0,.238,15,67,.773,281
682626,.208,3.0,22.0,.611,106.0,.243,13,65,.749,267
683146,.182,0.0,14.0,.518,77.0,.251,11,85,.725,339
703492,.071,0.0,1.0,.306,14.0,.259,0,7,.643,27
677595,.231,1.0,3.0,.769,13.0,.186,2,8,.548,43
665742,.276,6.0,40.0,.797,145.0,.280,21,70,.987,250
543760,.220,4.0,29.0,.646,132.0,.212,11,76,.609,358
668901,.252,8.0,29.0,.809,115.0,.182,5,29,.537,159
