Team,Division,W,L,PCT,GB,Streak,L10,Home,Away,vs .500+
Rays,AL East,98,63,0.609,-,W2,W6-L4,W55-L26,W43-L37,W36-L25
Yankees,AL East,93,68,0.578,5.0,W1,W5-L5,W46-L34,W47-L34,W32-L31
Red Sox,AL East,87,74,0.54,11.0,W2,W5-L5,W41-L39,W46-L35,W35-L29
Orioles,AL East,79,82,0.491,19.0,L1,W6-L4,W39-L42,W40-L40,W29-L46
Blue Jays,AL East,78,83,0.484,20.0,L1,W3-L7,W41-L39,W37-L44,W35-L43
Guardians,AL Central,85,76,0.528,-,W3,W9-L1,W41-L40,W44-L36,W23-L32
White Sox,AL Central,83,78,0.516,2.0,L1,W6-L4,W47-L33,W36-L45,W24-L35
Twins,AL Central,76,85,0.472,9.0,L1,W6-L4,W41-L39,W35-L46,W29-L42
Tigers,AL Central,76,85,0.472,9.0,W2,W4-L6,W42-L38,W34-L47,W29-L42
Royals,AL Central,68,93,0.422,17.0,L3,W2-L8,W40-L40,W28-L53,W20-L48
Astros,AL West,80,81,0.497,-,W1,W4-L6,W39-L42,W41-L39,W29-L26
Rangers,AL West,80,81,0.497,-,W1,W5-L5,W45-L36,W35-L45,W29-L29
Mariners,AL West,75,86,0.466,5.0,W1,W5-L5,W42-L38,W33-L48,W24-L34
Athletics,AL West,64,97,0.398,16.0,L1,W3-L7,W32-L48,W32-L49,W18-L37
Angels,AL West,62,99,0.385,18.0,L1,W4-L6,W34-L47,W28-L52,W17-L41
Braves,NL East,94,67,0.584,-,W1,W6-L4,W52-L29,W42-L38,W40-L29
Phillies,NL East,87,74,0.54,7.0,L4,W4-L6,W42-L38,W45-L36,W29-L36
Marlins,NL East,79,82,0.491,15.0,L1,W5-L5,W46-L34,W33-L48,W32-L47
Nationals,NL East,76,85,0.472,18.0,L1,W6-L4,W38-L42,W38-L43,W31-L47
Mets,NL East,74,87,0.46,20.0,W1,W5-L5,W36-L45,W38-L42,W35-L46
Brewers,NL Central,102,59,0.634,-,W4,W8-L2,W54-L26,W48-L33,W43-L29
Cubs,NL Central,88,73,0.547,14.0,L2,W4-L6,W46-L35,W42-L38,W40-L34
Pirates,NL Central,81,80,0.503,21.0,L2,W6-L4,W44-L37,W37-L43,W33-L39
Cardinals,NL Central,77,84,0.478,25.0,L3,W2-L8,W38-L43,W39-L41,W41-L44
Reds,NL Central,75,86,0.466,27.0,W1,W5-L5,W38-L43,W37-L43,W36-L52
Dodgers,NL West,99,62,0.615,-,W2,W7-L3,W51-L30,W48-L32,W36-L36
Padres,NL West,90,71,0.559,9.0,W1,W8-L2,W50-L30,W40-L41,W30-L41
D-backs,NL West,86,75,0.534,13.0,L1,W6-L4,W45-L36,W41-L39,W33-L38
Giants,NL West,65,96,0.404,34.0,L4,W3-L7,W37-L43,W28-L53,W31-L53
Rockies,NL West,58,103,0.36,41.0,W1,W2-L8,W32-L49,W26-L54,W21-L62
