date,pitcher,team,opponent,ip,actual_ks,vegas_line,over_odds,under_odds,implied_over,result
2026-09-26,Jonah Tong,New York Mets,Washington Nationals,5.0,9,4.5,+106,-125,49,Over Hit
2026-09-26,Jack Perkins,Athletics,Houston Astros,5.0,9,4.5,-106,-112,51,Over Hit
2026-09-26,Quinn Mathews,St. Louis Cardinals,Milwaukee Brewers,5.0,7,4.5,-122,-107,55,Over Hit
2026-09-26,Jake Irvin,Washington Nationals,New York Mets,5.0,6,—,—,—,0,—
2026-09-26,Justin Verlander,Detroit Tigers,Pittsburgh Pirates,5.1,6,5.5,+130,-130,43,Over Hit
2026-09-26,Tanner Bibee,Cleveland Guardians,Kansas City Royals,6.0,6,3.5,-121,-107,55,Over Hit
2026-09-26,Dustin May,Milwaukee Brewers,St. Louis Cardinals,3.0,5,2.5,-143,+111,59,Over Hit
2026-09-26,Carmen Mlodzinski,Pittsburgh Pirates,Detroit Tigers,2.1,5,—,—,—,0,—
2026-09-26,Hayden Wesneski,Houston Astros,Athletics,7.0,5,4.5,+102,+102,50,Over Hit
2026-09-26,Bailey Ober,Minnesota Twins,Texas Rangers,5.0,5,4.5,+121,-165,45,Over Hit
2026-09-26,John Klein,Toronto Blue Jays,Cincinnati Reds,4.0,5,—,—,—,0,—
2026-09-26,Travis Adams,Minnesota Twins,Texas Rangers,2.0,4,—,—,—,0,—
2026-09-26,Michael Wacha,Kansas City Royals,Cleveland Guardians,6.1,4,3.5,-152,+119,60,Over Hit
2026-09-26,Kade Anderson,Seattle Mariners,Los Angeles Angels,3.1,4,5.5,-143,+112,59,Under Hit
2026-09-26,Kyle Harrison,Milwaukee Brewers,St. Louis Cardinals,2.0,4,—,—,—,0,—
2026-09-26,Yohan Ramírez,Pittsburgh Pirates,Detroit Tigers,1.1,3,—,—,—,0,—
2026-09-26,Dedniel Núñez,New York Mets,Washington Nationals,1.0,3,—,—,—,0,—
2026-09-26,Nathan Eovaldi,Texas Rangers,Minnesota Twins,4.1,3,3.5,-115,-145,53,Under Hit
2026-09-26,Jacob Latz,Texas Rangers,Minnesota Twins,1.0,3,—,—,—,0,—
2026-09-26,Blake Snell,Los Angeles Dodgers,San Francisco Giants,4.0,3,7.5,+110,+110,48,Under Hit
2026-09-26,Trey Yesavage,Toronto Blue Jays,Cincinnati Reds,2.0,3,3.5,-122,-105,55,Under Hit
2026-09-26,Jose Quintana,Colorado Rockies,Chicago White Sox,3.0,3,3.5,+107,-137,48,Under Hit
2026-09-26,Ryan Feltner,Colorado Rockies,Chicago White Sox,3.2,3,—,—,—,0,—
2026-09-26,Bradley Blalock,Miami Marlins,Atlanta Braves,3.1,3,—,—,—,0,—
2026-09-26,Dax Fulton,Miami Marlins,Atlanta Braves,2.2,3,—,—,—,0,—
2026-09-26,Brent Suter,Atlanta Braves,Miami Marlins,3.0,3,—,—,—,0,—
2026-09-26,Camilo Doval,San Francisco Giants,Los Angeles Dodgers,1.0,3,—,—,—,0,—
2026-09-26,JoJo Romero,Milwaukee Brewers,St. Louis Cardinals,1.2,3,—,—,—,0,—
2026-09-26,Noah Schultz,Chicago White Sox,Colorado Rockies,3.1,3,—,—,—,0,—
2026-09-26,José Urquidy,Philadelphia Phillies,Tampa Bay Rays,2.2,3,—,—,—,0,—
2026-09-26,Chase Shugart,Philadelphia Phillies,Tampa Bay Rays,1.2,3,—,—,—,0,—
2026-09-26,Gordon Graceffo,St. Louis Cardinals,Milwaukee Brewers,2.0,3,—,—,—,0,—
2026-09-26,Walker Buehler,San Diego Padres,Arizona Diamondbacks,3.2,3,4.5,+135,-104,43,Under Hit
2026-09-26,Ronel Blanco,Houston Astros,Athletics,2.0,3,—,—,—,0,—
2026-09-26,Ryan Johnson,Los Angeles Angels,Seattle Mariners,5.0,3,4.5,-104,-137,51,Under Hit
2026-09-26,Mitch Farris,Los Angeles Angels,Seattle Mariners,2.0,3,—,—,—,0,—
2026-09-26,Michael Rucker,Seattle Mariners,Los Angeles Angels,1.2,3,—,—,—,0,—
